,med_age_weight,med_income_weight,month_housing_costs_weight,total_pop,med_age,med_income,month_housing_costs,Against Family/Child,Aggravated Assault,Burglary,Disorderly Conduct,Disturbing the Peace,Driving Under Influence,Drunkeness,Federal Offenses,Forgery/Counterfeit,Fraud/Embezzlement,Gambling,Homicide,Larceny,Liquor Laws,Miscellaneous Other Violations,Moving Traffic Violations,Narcotic Drug Laws,Non-Criminal Detention,Other Assaults,Pre-Delinquency,Prostitution/Allied,Rape,Receive Stolen Property,Robbery,Sex (except rape/prst),Vehicle Theft,Weapon (carry/poss),General Mental Health Program,General Mental Health Resource,Substance Abuse Program
90001,2549743.7,1859719526.0,109830976.0,85439.0,29.842855136413117,21766.634979341987,1285.4899518955044,3.0,24.0,4.0,,,42.0,,1.0,,,,1.0,3.0,,14.0,4.0,7.0,,15.0,,,,3.0,7.0,,23.0,18.0,2.0,2.0,1.0
90002,1937620.4,1426339788.0,93298147.0,67896.0,28.538064098032283,21007.714563449983,1374.1331889949333,15.0,87.0,12.0,2.0,,32.0,,,,1.0,,4.0,7.0,,57.0,19.0,19.0,,60.0,,,,4.0,25.0,,35.0,73.0,1.0,4.0,1.0
90003,4043026.2,3031933130.0,188588435.0,139506.0,28.981020171175434,21733.352902384126,1351.8302797012316,29.0,267.0,51.0,3.0,,195.0,1.0,1.0,1.0,3.0,,19.0,33.0,,159.0,54.0,87.0,4.0,166.0,,160.0,5.0,11.0,68.0,29.0,171.0,178.0,2.0,6.0,1.0
90004,2865510.3,2653570046.0,134322386.0,79367.0,36.10455604974359,33434.173472601964,1692.4211070092103,7.0,95.0,21.0,1.0,,49.0,1.0,,1.0,4.0,,2.0,12.0,,70.0,8.0,49.0,1.0,43.0,,44.0,1.0,3.0,9.0,2.0,21.0,20.0,,5.0,
90005,2756055.6,2265992573.0,118253352.0,74974.0,36.76015151919332,30223.711860111507,1577.2581428228452,8.0,61.0,20.0,,,22.0,,,,4.0,,3.0,9.0,,37.0,3.0,18.0,,46.0,,,1.0,1.0,13.0,4.0,19.0,5.0,2.0,12.0,1.0
90006,3303160.5,2081108707.0,114453697.0,95783.0,34.48587432007768,21727.32851341052,1194.9270434210664,3.0,121.0,28.0,,,103.0,3.0,,3.0,4.0,,2.0,16.0,,139.0,19.0,67.0,,86.0,,15.0,2.0,4.0,33.0,9.0,44.0,23.0,2.0,,
90007,2363958.7,1468942197.0,95163664.0,78348.0,30.17254684229336,18748.94313830602,1214.6278654209425,5.0,75.0,32.0,2.0,,43.0,,,1.0,3.0,,2.0,12.0,,77.0,12.0,49.0,,49.0,,,3.0,4.0,31.0,5.0,67.0,62.0,5.0,5.0,1.0
90008,1223573.6,1148751556.0,51664810.0,28440.0,43.02298171589311,40392.10815752461,1816.62482419128,8.0,75.0,7.0,,1.0,22.0,,,,1.0,,1.0,12.0,,40.0,7.0,24.0,,37.0,,,5.0,,7.0,1.0,24.0,32.0,7.0,12.0,5.0
90009,0.0,0.0,0.0,0.0,,,,,,,,,,,,,,,,,,,,,,,,,,,,,,,,,
90010,1762718.9,1548476795.0,80177287.0,47517.0,37.096594902876866,32587.84845423743,1687.3389944651387,,13.0,5.0,1.0,,2.0,,,,,,,1.0,,15.0,1.0,4.0,,10.0,,3.0,1.0,,6.0,1.0,5.0,5.0,3.0,6.0,2.0
90011,3669041.2,2557108663.0,162841212.0,124970.0,29.35937585020405,20461.780131231495,1303.0424261822839,38.0,180.0,49.0,,,98.0,1.0,2.0,,1.0,,4.0,9.0,,141.0,37.0,60.0,,109.0,,,4.0,4.0,34.0,13.0,119.0,98.0,3.0,8.0,2.0
90012,1420632.2,-78479666383.0,64453256.0,37135.0,38.255882590548,-2113361.1520937122,1735.64712535344,6.0,97.0,43.0,7.0,1.0,19.0,,1.0,1.0,18.0,,4.0,33.0,,169.0,14.0,54.0,,78.0,,,6.0,1.0,26.0,21.0,18.0,21.0,3.0,3.0,
90013,217497.59999999998,38181888.0,1465344.0,3072.0,70.8,12429.0,477.0,3.0,116.0,22.0,1.0,1.0,7.0,,,,4.0,,3.0,7.0,,112.0,7.0,107.0,,81.0,,1.0,7.0,4.0,30.0,5.0,17.0,32.0,4.0,14.0,
90014,71444.4,65131425.0,3488047.0,2053.0,34.8,31725.0,1699.0,,47.0,22.0,,,6.0,,,1.0,2.0,,2.0,7.0,,70.0,5.0,59.0,,44.0,,,1.0,3.0,17.0,4.0,13.0,11.0,,5.0,
90015,1278475.1,771989962.0,41364590.0,40106.0,31.877402383683243,19248.739889293374,1031.3815887897072,6.0,99.0,31.0,1.0,1.0,39.0,2.0,,1.0,4.0,,2.0,17.0,,105.0,18.0,46.0,,60.0,,1.0,3.0,3.0,25.0,6.0,57.0,43.0,8.0,8.0,2.0
90016,3082741.9,2702846408.0,128913063.0,81629.0,37.76527827120263,33111.350230922835,1579.2556934422817,5.0,72.0,20.0,,,38.0,,,3.0,3.0,,4.0,31.0,,66.0,8.0,35.0,3.0,59.0,,,2.0,5.0,15.0,8.0,32.0,30.0,,,
90017,1143325.9,653488942.0,35076665.0,34546.0,33.095753488102815,18916.48648179239,1015.3611127192729,3.0,96.0,18.0,4.0,,20.0,1.0,1.0,1.0,8.0,,3.0,68.0,,89.0,10.0,33.0,,73.0,,,1.0,2.0,24.0,11.0,16.0,25.0,,7.0,
90018,2956832.7,2128425363.0,116981710.0,85873.0,34.43262375834081,24785.734316956437,1362.2641575349644,4.0,99.0,14.0,1.0,,42.0,2.0,,2.0,3.0,,4.0,7.0,,66.0,10.0,39.0,,56.0,,4.0,2.0,7.0,22.0,6.0,30.0,33.0,,3.0,
90019,2770512.4,2206106161.0,111851990.0,72051.0,38.45210198331737,30618.67511901292,1552.4002442714188,11.0,86.0,59.0,2.0,,66.0,1.0,1.0,2.0,11.0,,4.0,27.0,,76.0,18.0,56.0,1.0,61.0,,,3.0,5.0,28.0,4.0,28.0,27.0,,1.0,
90020,2690278.4,2427955872.0,119877115.0,73415.0,36.644805557447384,33071.65936116598,1632.8695089559355,6.0,63.0,10.0,2.0,,16.0,,,,1.0,,,7.0,,51.0,5.0,9.0,,32.0,,5.0,1.0,1.0,15.0,3.0,18.0,16.0,6.0,7.0,1.0
90021,134494.8,113868477.0,6032743.0,4321.0,31.125850497570003,26352.343670446655,1396.1451052996993,2.0,46.0,24.0,2.0,,34.0,1.0,,,2.0,,1.0,9.0,,82.0,7.0,87.0,,28.0,,5.0,2.0,1.0,17.0,7.0,39.0,31.0,,2.0,
90022,3172686.6,2297194023.0,115287189.0,94317.0,33.63854448296701,24356.097235917172,1222.3373198893094,,,,,,,,,,,,,,,,,,,,,,,,,,,,2.0,7.0,
90023,2320260.2,1607675855.0,86971707.0,72951.0,31.805735356609233,22037.749379720633,1192.1934860385738,11.0,46.0,17.0,,,31.0,,,,3.0,,3.0,3.0,,83.0,13.0,36.0,,35.0,,,2.0,10.0,5.0,2.0,29.0,21.0,,,
90024,1022236.2999999999,901490135.0,-8637942102839.0,34219.0,29.87335398462842,26344.724714339987,-252431166.97854993,1.0,11.0,6.0,,,7.0,,,,,,,6.0,,21.0,1.0,4.0,,13.0,,1.0,1.0,,5.0,,5.0,2.0,4.0,3.0,
90025,1141661.6,1805590899.0,68018195.0,31916.0,35.77082341145507,56573.2202970297,2131.1628963529265,2.0,27.0,12.0,,,22.0,,,,,,2.0,8.0,1.0,36.0,2.0,19.0,,35.0,,5.0,,1.0,10.0,3.0,2.0,6.0,,,
90026,3173767.3,-76190451527.0,139156130.0,87600.0,36.230220319634704,-869754.0128652968,1588.540296803653,8.0,75.0,26.0,1.0,,18.0,,1.0,,3.0,,2.0,6.0,,81.0,10.0,31.0,,61.0,,,2.0,5.0,18.0,2.0,46.0,26.0,7.0,9.0,1.0
90027,2502750.8,-645278192.0,-3222951322.0,64032.0,39.085938280859565,-10077.433033483258,-50333.4476824088,2.0,40.0,15.0,2.0,,8.0,1.0,,1.0,2.0,,1.0,15.0,,74.0,10.0,36.0,,53.0,,9.0,1.0,4.0,17.0,5.0,20.0,13.0,1.0,3.0,
90028,1726684.4,1798406249.0,80247953.0,47393.0,36.4333213765746,37946.66404321313,1693.2448462853165,6.0,161.0,61.0,9.0,2.0,42.0,3.0,1.0,2.0,23.0,2.0,1.0,46.0,1.0,203.0,31.0,131.0,,132.0,,53.0,6.0,6.0,43.0,16.0,37.0,64.0,,5.0,
90029,3075580.4,2332839602.0,118458094.0,83739.0,36.72817205841961,27858.460239553853,1414.6108026128804,2.0,48.0,10.0,,1.0,20.0,2.0,,,3.0,,1.0,10.0,,48.0,11.0,32.0,1.0,50.0,,62.0,1.0,,15.0,4.0,18.0,27.0,,1.0,
90030,83850.0,62381605.0,3887845.0,2795.0,30.0,22319.0,1391.0,,,,,,,,,,,,,,,,,,,,,,,,,,,,,,
90031,1719142.5,1149166122.0,64419051.0,45783.0,37.54980014415831,25100.280060284385,1407.0517659393224,7.0,41.0,12.0,,1.0,17.0,,,1.0,1.0,,,9.0,,42.0,5.0,15.0,,30.0,,,2.0,4.0,10.0,2.0,26.0,21.0,4.0,5.0,
90032,2946577.7,2106539255.0,111007322.0,77642.0,37.95082172020299,27131.439877901135,1429.7329022951496,5.0,46.0,16.0,,,12.0,,,,1.0,1.0,,2.0,,39.0,7.0,18.0,,26.0,,,1.0,7.0,6.0,2.0,24.0,15.0,,2.0,
90033,1770794.1,1183298970.0,64371602.0,55471.0,31.92288042400534,21331.84853346794,1160.4550485839447,7.0,83.0,7.0,,,35.0,,,,,,2.0,5.0,,101.0,25.0,48.0,1.0,52.0,,,3.0,1.0,19.0,6.0,36.0,29.0,5.0,18.0,1.0
90034,1953168.8,2753526849.0,111079196.0,53455.0,36.53856140679076,51511.11867926293,2077.9945000467683,6.0,28.0,15.0,1.0,,12.0,1.0,,,2.0,,1.0,6.0,,36.0,3.0,31.0,,33.0,,,2.0,3.0,9.0,2.0,9.0,8.0,1.0,3.0,
90035,2215427.3,2940414845.0,124086086.0,54941.0,40.32375275295316,53519.499918093956,2258.5334449682387,,12.0,10.0,,,10.0,1.0,,3.0,2.0,,,6.0,,21.0,4.0,7.0,,12.0,,4.0,,1.0,2.0,,8.0,4.0,2.0,4.0,
90036,1820912.9,2644581903.0,112437244.0,47547.0,38.29711443413885,55620.373588239,2364.7600058889097,2.0,37.0,20.0,1.0,,10.0,,,,5.0,,,10.0,,25.0,7.0,9.0,,19.0,,,,5.0,12.0,,6.0,4.0,1.0,1.0,1.0
90037,2168538.6999999997,1413385785.0,88846224.0,71044.0,30.523882382748717,19894.51304825179,1250.5802601204887,30.0,182.0,24.0,4.0,,95.0,,,1.0,6.0,,6.0,20.0,,106.0,23.0,41.0,,113.0,,2.0,7.0,5.0,35.0,11.0,89.0,110.0,2.0,7.0,1.0
90038,1988944.5,1888163357.0,85750377.0,54804.0,36.291958616159405,34453.02089263558,1564.6736917013357,2.0,64.0,33.0,,,19.0,2.0,,1.0,4.0,,,7.0,,73.0,7.0,43.0,,42.0,,32.0,,7.0,9.0,8.0,17.0,12.0,1.0,5.0,
90039,2145980.7,2248098555.0,102105842.0,55690.0,38.534399353564375,40368.08322858682,1833.46816304543,2.0,12.0,7.0,,,,1.0,,,,,,7.0,,9.0,,7.0,,7.0,,,,1.0,3.0,1.0,7.0,3.0,1.0,,
90040,1787230.9000000001,1240684698.0,70124568.0,54523.0,32.77939401720375,22755.25370944372,1286.1465436604735,,,,,,,,,,,,,,,,,,,,,,,,,,,,2.0,8.0,
90041,1834707.4,1791881058.0,90154622.0,46726.0,39.265235628986,38348.69361811411,1929.4316226512005,4.0,8.0,6.0,,,5.0,,,,2.0,,,8.0,,19.0,2.0,9.0,1.0,10.0,,,1.0,1.0,3.0,1.0,6.0,3.0,,4.0,
90042,3192934.3,3016074709.0,143432847.0,83748.0,38.12549911639681,36013.692374743274,1712.6719085828915,8.0,45.0,5.0,,,11.0,,,,1.0,,2.0,5.0,1.0,39.0,9.0,5.0,,27.0,,,1.0,2.0,13.0,2.0,16.0,30.0,2.0,6.0,1.0
90043,2290058.4,1734452781.0,91602537.0,54696.0,41.86884598508117,31710.779234313297,1674.7575142606406,16.0,83.0,5.0,,,15.0,,1.0,1.0,1.0,,2.0,4.0,,46.0,7.0,30.0,3.0,56.0,,,2.0,2.0,15.0,1.0,18.0,61.0,1.0,4.0,1.0
90044,4283784.6,3118900593.0,177157664.0,130399.0,32.8513608233192,23918.13275408554,1358.5814615142754,16.0,216.0,31.0,5.0,,114.0,,,1.0,5.0,,6.0,12.0,,117.0,35.0,63.0,1.0,129.0,,40.0,6.0,9.0,47.0,8.0,77.0,108.0,1.0,7.0,1.0
90045,2144887.0,-381415025256.0,116428243.0,53500.0,40.091345794392524,-7129252.808523364,2176.2288411214954,2.0,56.0,13.0,7.0,,56.0,5.0,1.0,11.0,16.0,,2.0,25.0,,198.0,15.0,292.0,,62.0,,22.0,4.0,2.0,10.0,4.0,29.0,42.0,1.0,5.0,
90046,2521229.5,3580772708.0,145379722.0,61684.0,40.87331398741975,58050.26762207379,2356.8465404318786,3.0,38.0,34.0,,,29.0,,,1.0,6.0,2.0,,7.0,,53.0,7.0,22.0,,32.0,,4.0,,,9.0,2.0,8.0,10.0,1.0,3.0,
90047,3673018.6,2641100492.0,145847728.0,97463.0,37.686287103824014,27098.49370530355,1496.4420138924515,9.0,89.0,19.0,,,52.0,,1.0,,,,3.0,12.0,,50.0,8.0,29.0,,50.0,,7.0,1.0,3.0,16.0,1.0,30.0,64.0,2.0,3.0,2.0
90048,1340554.0,1985364678.0,76245075.0,34036.0,39.38635562345752,58331.316194617466,2240.1303032083674,,20.0,16.0,,,9.0,,,1.0,1.0,,3.0,26.0,,35.0,,5.0,,18.0,,6.0,1.0,2.0,8.0,,4.0,3.0,2.0,1.0,2.0
90049,1746280.3,3247362969.0,129766241.0,38501.0,45.35675177268123,84344.8993272902,3370.4641697618245,1.0,4.0,5.0,,,4.0,,,,,,,3.0,,15.0,,2.0,,12.0,,,1.0,,,,5.0,1.0,1.0,,
90050,140767.19999999998,108567144.0,6209280.0,3528.0,39.9,30773.0,1760.0,,,,,,,,,,,,,,,,,,,,,,,,,,,,,,
90051,83850.0,62381605.0,3887845.0,2795.0,30.0,22319.0,1391.0,,,,,,,,,,,,,,,,,,,,,,,,,,,,,,
90052,83850.0,62381605.0,3887845.0,2795.0,30.0,22319.0,1391.0,,,,,,,,,,,,,,,,,,,,,,,,,,,,1.0,1.0,1.0
90053,51391.200000000004,51793392.0,3924564.0,1596.0,32.2,32452.0,2459.0,,,,,,,,,,,,,,,,,,,,,,,,,,,,,,
90054,83850.0,62381605.0,3887845.0,2795.0,30.0,22319.0,1391.0,,,,,,,,,,,,,,,,,,,,,,,,,,,,,,
90056,1014865.5,1006382153.0,48037067.0,21297.0,47.65297929285815,47254.64398741607,2255.5790486923042,,,,,,,,,,,,,,,1.0,,1.0,,1.0,,,1.0,,1.0,,,1.0,,1.0,
90057,2336757.4,1562574045.0,77826280.0,67229.0,34.75817578723468,23242.559684064912,1157.6295943714765,3.0,102.0,17.0,1.0,,28.0,2.0,,2.0,5.0,1.0,4.0,16.0,1.0,106.0,8.0,70.0,,74.0,,1.0,8.0,3.0,46.0,6.0,39.0,44.0,,7.0,
90058,1023723.2999999999,695707311.0,41702825.0,32924.0,31.093527517920055,21130.704379783743,1266.6390778763212,3.0,15.0,5.0,,,14.0,,,,,,1.0,1.0,,26.0,1.0,1.0,,8.0,,,,1.0,9.0,,24.0,16.0,1.0,1.0,
90059,2337561.2,1800414662.0,109746933.0,78223.0,29.88329775130077,23016.435856461656,1403.000818173683,6.0,70.0,10.0,,,34.0,,,,1.0,,3.0,5.0,,26.0,8.0,16.0,,45.0,,,,1.0,12.0,3.0,12.0,66.0,3.0,16.0,2.0
90060,83850.0,62381605.0,3887845.0,2795.0,30.0,22319.0,1391.0,,,,,,,,,,,,,,,,,,,,,,,,,,,,,,
90061,2230904.5,1720917808.0,98923606.0,67962.0,32.82576292634119,25321.76522174156,1455.572319825785,3.0,63.0,6.0,,,23.0,,,,1.0,,1.0,4.0,,49.0,16.0,42.0,,54.0,,2.0,,2.0,17.0,1.0,27.0,55.0,1.0,7.0,1.0
90062,1316619.3,865216246.0,52820921.0,35456.0,37.13389271209386,24402.53401398917,1489.759730370036,4.0,90.0,15.0,1.0,,51.0,,,1.0,6.0,,3.0,23.0,,87.0,10.0,45.0,,59.0,,8.0,2.0,2.0,25.0,8.0,37.0,72.0,1.0,4.0,1.0
90063,2625060.3,1902581858.0,98913874.0,79931.0,32.84157961241571,23802.80314271059,1237.4907607811738,2.0,11.0,1.0,,,3.0,,,,,,,2.0,,8.0,2.0,4.0,,7.0,,,,1.0,2.0,1.0,3.0,2.0,1.0,,1.0
90064,1720948.4,2543428063.0,101095500.0,43294.0,39.75027486487735,58747.81870467039,2335.0926225343005,,17.0,11.0,1.0,,6.0,,,1.0,,,,9.0,,23.0,3.0,20.0,,9.0,,,3.0,1.0,6.0,,3.0,2.0,2.0,4.0,
90065,2240906.3,1864955586.0,97501484.0,58693.0,38.18012880582011,31774.75313921592,1661.211456221355,8.0,46.0,13.0,1.0,,23.0,,,,,,,5.0,,47.0,3.0,21.0,,27.0,,1.0,1.0,,9.0,8.0,18.0,13.0,,,
90066,3222786.2,3998378161.0,167932529.0,83918.0,38.403991992182846,47646.25182916657,2001.1502776519935,2.0,45.0,11.0,,,30.0,1.0,,1.0,6.0,,1.0,11.0,,34.0,16.0,26.0,,25.0,,,2.0,,8.0,1.0,23.0,9.0,,7.0,
90067,170240.0,166187520.0,8527360.0,2560.0,66.5,64917.0,3331.0,,,,,,1.0,,,,,,,10.0,,4.0,,,,1.0,,,,,,,,,,,
90068,845307.6000000001,-2023117806.0,-3284736502.0,19853.0,42.57833073087191,-101904.89125069258,-165452.90394398832,3.0,20.0,13.0,,,8.0,,,,1.0,,,4.0,,38.0,1.0,9.0,,20.0,,6.0,,1.0,6.0,1.0,2.0,6.0,,,
90069,1223457.6,1801542170.0,70139870.0,28630.0,42.73341250436605,62924.97974152987,2449.8732099196645,1.0,2.0,6.0,,,1.0,,,,,,,,,2.0,1.0,2.0,,2.0,,,,,2.0,,,1.0,,1.0,
90070,150768.0,103394880.0,5568480.0,4320.0,34.9,23934.0,1289.0,,,,,,,,,,,,,,,,,,,,,,,,,,,,,,
90071,217497.59999999998,38181888.0,1465344.0,3072.0,70.8,12429.0,477.0,,10.0,,1.0,,3.0,1.0,,,1.0,,1.0,,,20.0,3.0,5.0,,15.0,,,,,2.0,4.0,1.0,1.0,,,
90072,260969.6,230689345.0,10243965.0,7449.0,35.034179084440865,30969.169687206337,1375.213451469996,,,,,,,,,,,,,,,,,,,,,,,,,,,,,,
90073,,,,,,,,,1.0,,,,,,,,,,,,,,,,,,,,,,,,,,1.0,2.0,1.0
90075,150768.0,103394880.0,5568480.0,4320.0,34.9,23934.0,1289.0,,,,,,,,,,,,,,,,,,,,,,,,,,,,,,
90076,150768.0,103394880.0,5568480.0,4320.0,34.9,23934.0,1289.0,,,,,,,,,,,,,,,,,,,,,,,,,,,,,,
90077,1127337.9,1560576113.0,-8637930328662.0,30908.0,36.473984081791116,50491.00922091368,-279472315.53843665,1.0,5.0,2.0,,,,,,,,,,,,5.0,,1.0,,2.0,,,,,1.0,,1.0,,,,
90079,87248.90000000001,55894790.0,3829086.0,3083.0,28.300000000000004,18130.0,1242.0,,,,,,2.0,,,,,,,,,1.0,,2.0,,1.0,,,,,,,1.0,,,,
90082,157707.3,129538266.0,7214154.0,5457.0,28.9,23738.0,1322.0,,,,,,,,,,,,,,,,,,,,,,,,,,,,,,
90083,258664.0,440837360.0,16884680.0,5960.0,43.4,73966.0,2833.0,,,,,,,,,,,,,,,,,,,,,,,,,,,,,,
90086,306074.8,104283380.0,23045632.0,9476.0,32.3,11005.0,2432.0,,,,,,,,,,,,,,,,,,,,,,,,,,,,,,
90087,83850.0,62381605.0,3887845.0,2795.0,30.0,22319.0,1391.0,,,,,,,,,,,,,,,,,,,,,,,,,,,,,1.0,
90089,525855.1,262263194.0,25058218.0,20338.0,25.855792113285474,12895.23030779821,1232.0886026157932,,2.0,,,,2.0,,,1.0,,,1.0,1.0,,,1.0,2.0,,2.0,1.0,,,,,,,3.0,,1.0,
90090,6818.7,-79333333254.0,182546.0,119.0,57.3,-666666666.0,1534.0,,,,,,,,,,,,,,,,,,,,,,,,,,,,,,
90091,207836.0,114342420.0,5703840.0,4660.0,44.6,24537.0,1224.0,,,,,,,,,,,,,,,,,,,,,,,,,,,,,,
90094,,,,,,,,,1.0,,,,,,,,1.0,,,1.0,,1.0,,3.0,,4.0,,,,,3.0,1.0,,1.0,,,
90095,248774.4,70628607.0,-8637999991362.0,12957.0,19.2,5451.0,-666666666.0,,,1.0,,,,,,,,,1.0,,,,,,,,,,,,,,1.0,,,,
90201,3458528.1,2468447590.0,148586546.0,110311.0,31.352522413902513,22377.166284414066,1346.978506223314,,,,,,,,,,,,,,,,,,,,,,,,,,,,,4.0,
90202,128700.0,105732000.0,6327000.0,4500.0,28.6,23496.0,1406.0,,,,,,,,,,,,,,,,,,,,,,,,,,,,,,
90209,201977.0,163204828.0,10373094.0,3706.0,54.5,44038.0,2799.0,,,,,,,,,,,,,,,,,,,,,,,,,,,,,,
90210,1919640.7,3101960111.0,144329297.0,40347.0,47.578275956080994,76882.05098272486,3577.2002131509157,,5.0,1.0,,,1.0,,,,,,1.0,,,4.0,1.0,,,3.0,,,,,,,1.0,,,,
90211,1075721.0,1295212846.0,57849798.0,24222.0,44.41090743951779,53472.580546610516,2388.3163240029726,,2.0,,,,,,,,,,,,,,,,,1.0,,,,,,,,,,,
90212,1186513.0,1448246800.0,64044226.0,25686.0,46.19298450517792,56382.729891769835,2493.3514755119522,,,,,,,,,,,,,,,,,,,,,,,,,,,,1.0,,
90213,201977.0,163204828.0,10373094.0,3706.0,54.5,44038.0,2799.0,,,,,,,,,,,,,,,,,,,,,,,,,,,,,,
90220,1944854.4,1541824355.0,81667502.0,56173.0,34.622583803606716,27447.783721716838,1453.8568707386112,,,,,,,,,,,,,,,,,,,,,,,,,,,,,3.0,
90221,2903576.3,2263269402.0,129468093.0,89276.0,32.523593126932205,25351.37553205789,1450.2004234060666,,,,,,,,,,,,,,,,,,,,,,,,,,,,4.0,7.0,2.0
90222,1975819.6,1624948125.0,93944242.0,65106.0,30.3477344637975,24958.50036862962,1442.9429238472644,,,,,,,,,,,,,,,,,,,,,,,,,,,,,5.0,
90223,154564.19999999998,121442517.0,6758073.0,5481.0,28.199999999999996,22157.0,1233.0,,,,,,,,,,,,,,,,,,,,,,,,,,,,,,
90224,152969.5,95215973.0,6515208.0,4309.0,35.5,22097.0,1512.0,,,,,,,,,,,,,,,,,,,,,,,,,,,,,,
90230,1912460.2999999998,2318740342.0,94566849.0,46060.0,41.52106600086843,50341.73560573166,2053.1230785931393,2.0,11.0,4.0,2.0,,7.0,1.0,,,,,,5.0,,6.0,3.0,5.0,,7.0,,,,,1.0,2.0,7.0,3.0,2.0,3.0,
90231,326592.0,347924160.0,15992640.0,6480.0,50.4,53692.0,2468.0,,,,,,,,,,,,,,,,,,,,,,,,,,,,,,
90232,1053246.9,1409685742.0,52114184.0,27210.0,38.7080815876516,51807.63476662992,1915.2585079015068,,2.0,1.0,,,2.0,,,,,,,1.0,,,,3.0,,,,1.0,,,2.0,,1.0,1.0,1.0,6.0,
90239,188320.00000000003,187250000.0,8774000.0,5350.0,35.2,35000.0,1640.0,,,,,,,,,,,,,,,,,,,,,,,,,,,,,,
90240,945557.0,831481170.0,46921604.0,26347.0,35.88860211788818,31558.855657190572,1780.9087941701143,,,,,,,,,,,,,,,,,,,,,,,,,,,,,1.0,
90241,1616532.0,1502604438.0,76991040.0,47017.0,34.38186187974562,31958.747644469022,1637.514941404173,,,,,,,,,,,,,,,,,,,,,,,,,,,,1.0,4.0,
90242,1234832.0,1126607928.0,59727401.0,36144.0,34.16423196104471,31169.984727755644,1652.4845340858787,,,,,,,,,,,,,,,,,,,,,,,,,,,,2.0,1.0,2.0
90245,788935.7,1308125960.0,51026099.0,21093.0,37.40272602285118,62017.06537713933,2419.1010761864127,,,,,,4.0,,,,,,,1.0,,1.0,1.0,2.0,,1.0,,,,,,,,,,,
90247,2656078.3,2037228807.0,100973934.0,67826.0,39.160178987408955,30036.10425205673,1488.7201663079056,1.0,18.0,1.0,,,7.0,,,,,,,3.0,,6.0,2.0,6.0,,5.0,,1.0,,,3.0,2.0,2.0,5.0,2.0,1.0,
90248,2995330.1999999997,2231703571.0,116756879.0,74701.0,40.097591732373054,29875.14987751168,1562.989504825906,,6.0,,,,2.0,,,,1.0,,,,,3.0,1.0,6.0,,6.0,,,,,2.0,,2.0,2.0,1.0,4.0,
90249,1343105.7,1115072867.0,55484459.0,33776.0,39.76509059687352,33013.76323424917,1642.7184687351967,,,,,,,,,,,,,,,,,,,,,,,,,,,,,4.0,
90250,2977287.7,2735803415.0,130019357.0,86343.0,34.48209698527964,31685.29487045852,1505.8471097830745,,,,,,,,,,,,,,,,,,,,,,,,,,,,5.0,2.0,
90251,198390.90000000002,168638332.0,7650487.0,6067.0,32.7,27796.0,1261.0,,,,,,,,,,,,,,,,,,,,,,,,,,,,,,
90254,812003.2000000001,1612574467.0,51526941.0,20054.0,40.4908347461853,80411.61199760647,2569.4096439613045,,,,,,,,,,,,,,,,,,,,,,,,,,,,,,
90255,2663519.4,1898866758.0,106272478.0,83365.0,31.95009176512925,22777.74555268998,1274.7853175793198,,,,,,,,,,,,,,,,,,,,,,,,,,,,2.0,6.0,
90260,1071161.6,1005278724.0,50533602.0,27594.0,38.81864173371023,36431.061969993476,1831.3257229832573,,,,,,,,,,,,,,,,,,,,,,,,,,,,,2.0,
90262,2759756.6999999997,2155708439.0,129014646.0,88950.0,31.025932546374364,24235.058336143902,1450.4176053962901,,,,,,,,,,,,,,,,,,,,,,,,,,,,3.0,18.0,2.0
90263,75051.59999999999,58205459.0,13402597.0,3679.0,20.4,15821.0,3643.0,,,,,,,,,,,,,,,,,,,,,,,,,,,,,,
90265,767271.3999999999,1062485652.0,58782344.0,17384.0,44.1366428900138,61118.594799815924,3381.4049700874366,,,,,,,,,,,,,,,,,,,,,,,,,,,,,,
90266,1205605.7,2281845657.0,85642689.0,27699.0,43.52524278854832,82380.07354056103,3091.905447850103,,,,,,,,,,,,,,,,,,,,,,,,,,,,,,
90267,140208.0,272210911.0,11152378.0,2921.0,48.0,93191.0,3818.0,,,,,,,,,,,,,,,,,,,,,,,,,,,,,,
90270,1149941.0,793017998.0,40817170.0,34294.0,33.53184230477635,23124.103283373184,1190.213156820435,,,,,,,,,,,,,,,,,,,,,,,,,,,,,,
90272,1226281.2999999998,2356662047.0,95769455.0,26352.0,46.53465771098967,89430.1019656952,3634.238577717061,1.0,5.0,2.0,,,12.0,,,,,,,1.0,,5.0,1.0,2.0,,4.0,,,,1.0,1.0,,1.0,,,,
90274,2083228.4,2790272050.0,126762606.0,41018.0,50.78815154322492,68025.55097761958,3090.414110878151,,,,,,,,,,,,,,,,,,,,,,,,,,,,,,
90275,2493642.9,2946278385.0,138289774.0,50209.0,49.665257224800335,58680.284112410125,2754.28257882053,,,,,,2.0,,,,,,,1.0,,,,1.0,,,,,,,,,,,,,
90277,1926638.3,2885935292.0,105549924.0,45038.0,42.7780607487011,64077.78524801279,2343.5748479062127,,,,,,,,,,,,,,,,,,,,,,,,,,,,1.0,3.0,1.0
90278,2104462.1,2929406617.0,118839482.0,51884.0,40.5609070233598,56460.69341222728,2290.484195513068,,,,,,,,,,,,,,,,,,,,,,,,,,,,,1.0,
90280,4229918.5,3173951838.0,183918001.0,131925.0,32.06305476596551,24058.759431495168,1394.1102975175288,,,,,,,,,,,,,,,,,,,,,,,,,,,1.0,,4.0,
90290,453481.6,574335436.0,28347244.0,9025.0,50.24726869806094,63638.27545706371,3140.968864265928,,,,,,,,,,,,,,,,,,,,,,,,,,,,,,
90291,1254632.9,1994499621.0,80448095.0,31820.0,39.429066624764296,62680.69204902577,2528.2242300439975,2.0,84.0,38.0,2.0,,15.0,1.0,,1.0,6.0,,,8.0,,77.0,5.0,49.0,,75.0,,,2.0,3.0,21.0,,31.0,20.0,1.0,2.0,1.0
90292,858259.4,1434638863.0,56183491.0,20150.0,42.59351861042184,71197.95846153847,2788.2625806451615,,13.0,6.0,,,12.0,,,,1.0,,,3.0,,20.0,2.0,3.0,,15.0,,,,1.0,2.0,2.0,6.0,4.0,,,
90293,315103.80000000005,494221820.0,17918168.0,7038.0,44.77178175618074,70221.91247513499,2545.9175902244956,1.0,4.0,2.0,,,2.0,,,,,,1.0,,,4.0,,3.0,,3.0,,,,1.0,1.0,1.0,2.0,1.0,,,
90294,111121.59999999999,219319976.0,5879952.0,2792.0,39.8,78553.0,2106.0,,,,,,,,,,,,,,,,,,,,,,,,,,,,,,
90296,134156.80000000002,247513280.0,7778688.0,3008.0,44.60000000000001,82285.0,2586.0,,,,,,,,,,,,,,,,,,,,,,,,,,,,,,
90301,2116280.6,-382408593998.0,85782798.0,58277.0,36.3141651080186,-6561912.830070182,1471.9837671808775,,,,,,,,,,,,,,,1.0,,1.0,,,,,,,,,,,4.0,6.0,2.0
90302,1362041.8,1262349908.0,59324712.0,35786.0,38.06074442519421,35274.96529369027,1657.76314759962,,1.0,,,,3.0,,,,,,,2.0,,1.0,,,,,,,,,1.0,,2.0,,,,
90303,1277425.0,1054713870.0,56125661.0,36853.0,34.66271402599517,28619.484709521614,1522.9604374135076,,,,,,,,,,,,,,,,,,,,,,,,,,,,,,
90304,1713814.6,1249423815.0,69880513.0,52034.0,32.93643771380252,24011.68111234962,1342.9779182841987,,,,,,1.0,,,1.0,,,,,,,,,,,,,,,,,,,1.0,1.0,1.0
90305,890335.2000000001,700409477.0,36043553.0,19524.0,45.602089735709896,35874.28175578775,1846.1151915591067,,,,,,,,,,,,,,,,,,,1.0,,,,,,,,,,,
90306,98584.40000000001,68541698.0,3511750.0,2554.0,38.6,26837.0,1375.0,,,,,,,,,,,,,,,,,,,,,,,,,,,,,,
90307,98584.40000000001,68541698.0,3511750.0,2554.0,38.6,26837.0,1375.0,,,,,,,,,,,,,,,,,,,,,,,,,,,,,,
90308,98584.40000000001,68541698.0,3511750.0,2554.0,38.6,26837.0,1375.0,,,,,,,,,,,,,,,,,,,,,,,,,,,,,,
90309,271809.3,223677199.0,11711777.0,7917.0,34.33236074270557,28252.772388531008,1479.3200707338638,,,,,,,,,,,,,,,,,,,,,,,,,,,,,,
90401,1095025.5,1654527887.0,59649404.0,27824.0,39.355430563542264,59464.05574324324,2143.811242093157,,,,,,,,,,,,,,,,,,,,,,,,,,,,2.0,3.0,1.0
90402,1105423.6,1833528385.0,78409508.0,23964.0,46.12850943081289,76511.78371724254,3271.97078951761,,,,,,,,,,,,,,,3.0,1.0,,,1.0,,,,,,,,,,,
90403,1777639.5,2943757133.0,97726906.0,41553.0,42.780051981806366,70843.43207469978,2351.861622506197,,,,,,,,,,,,,,,,,,,,,,,,,,,,1.0,,
90404,1154842.1,1508225783.0,62538830.0,30683.0,37.63784831991657,49155.09510152201,2038.2240980347424,,,,,,,,,,,,,,,,,,,,,,,,1.0,,1.0,,1.0,9.0,
90405,1922170.1,2678254089.0,106492223.0,49244.0,39.03358987897003,54387.419563804724,2162.542096499066,,,,,,,,,,,,,,,,,,,,,,,,,,,,1.0,3.0,1.0
90406,177253.80000000002,261986928.0,13812236.0,4843.0,36.6,54096.0,2852.0,,,,,,,,,,,,,,,,,,,,,,,,,,,,,,
90408,203730.80000000002,385791560.0,11445672.0,5404.0,37.7,71390.0,2118.0,,,,,,,,,,,,,,,,,,,,,,,,,,,,,,
90409,253902.1,417925213.0,10774639.0,5891.0,43.1,70943.0,1829.0,,,,,,,,,,,,,,,,,,,,,,,,,,,,,,
90501,1209774.9,1239453278.0,51070559.0,27931.0,43.31298199133579,44375.54251548459,1828.4543696967528,3.0,17.0,4.0,,,4.0,,,,1.0,,,13.0,,11.0,3.0,5.0,,8.0,,,,,1.0,1.0,1.0,2.0,1.0,6.0,
90502,750881.3,507380305.0,28339006.0,17569.0,42.73898912857875,28879.29335761853,1613.0118959530992,,,1.0,,,,,,,,,,10.0,,3.0,,,,,,,,,2.0,,,,2.0,9.0,
90503,1558362.2,1758997092.0,73434678.0,36508.0,42.68549906869727,48181.14090062452,2011.4681165771885,,,,,,,,,,,,,,,,,,,,,,,,,,,,3.0,4.0,
90504,2468878.2,2073217378.0,101209025.0,55713.0,44.31422109740994,37212.45271301133,1816.6141654551002,,,,,,,,,,,,,,,,,,,,,,,,,,,,,,
90505,2777635.5,3276543098.0,131980130.0,63974.0,43.41819332853972,51216.79272829587,2063.0276362272175,,,,,,,,,,,,,,,,,,,,,,,,,,,,1.0,4.0,
90506,233578.8,188212284.0,8226036.0,4836.0,48.3,38919.0,1701.0,,,,,,,,,,,,,,,,,,,,,,,,,,,,,,
90507,220905.0,236859250.0,8320755.0,4909.0,45.0,48250.0,1695.0,,,,,,,,,,,,,,,,,,,,,,,,,,,,,,
90508,220905.0,236859250.0,8320755.0,4909.0,45.0,48250.0,1695.0,,,,,,,,,,,,,,,,,,,,,,,,,,,,,,
90509,,,,,,,,,,,,,,,,,,,,,,,,,,,,,,,,,,,,1.0,
90601,2283483.7,1918474785.0,92724577.0,57620.0,39.630053800763626,33295.2930406109,1609.2429191253036,,,,,,,,,,,,,,,,,,,,,,,,,,,,1.0,2.0,
90602,1981044.8,1736847539.0,89383702.0,53298.0,37.169214604675595,32587.480562122408,1677.055461743405,,,,,,,,,,,,,,,,,,,,,,,,,,,,,2.0,
90603,1186479.5,1210788053.0,61940632.0,32007.0,37.06937544912051,37828.8515949636,1935.2214203143062,,,,,,,,,,,,,,,,,,,,,,,,,,,,,1.0,
90604,1971421.3,1832088884.0,98815893.0,55451.0,35.5524931921877,33039.78077942688,1782.0398730410632,,,,,,,,,,,,,,,,,,,,,,,,,,,,,,
90605,2357345.1,2279939235.0,120873555.0,66012.0,35.71085711688784,34538.254181057986,1831.0845755317216,,,,,,,,,,,,,,,,,,,,,,,,,,,,,1.0,
90606,1436927.0,1223625789.0,62179284.0,38754.0,37.07815967384012,31574.180445889455,1604.461062083914,,,,,,,,,,,,,,,,,,,,,,,,,,,,,1.0,
90607,153732.6,168854868.0,5581086.0,3486.0,44.1,48438.0,1601.0,,,,,,,,,,,,,,,,,,,,,,,,,,,,,,
90608,134357.40000000002,86607360.0,3698856.0,3222.0,41.70000000000001,26880.0,1148.0,,,,,,,,,,,,,,,,,,,,,,,,,,,,,,
90609,153360.0,170352288.0,7940214.0,3834.0,40.0,44432.0,2071.0,,,,,,,,,,,,,,,,,,,,,,,,,,,,,,
90623,205943.1,118889006.0,7837585.0,3671.0,56.1,32386.0,2135.0,,,,,,,,,,,,,,,,,,,,,,,,,,,,,,
90630,180094.6,137556146.0,7707392.0,5474.0,32.9,25129.0,1408.0,,,,,,,,,,,,,,,,,,,,,,,,,,,,1.0,,
90631,450882.6,462681779.0,24525697.0,9646.0,46.74296081277213,47966.18069666183,2542.576923076923,,,,,,,,,,,,,,,,,,,,,,,,,,,,1.0,,
90637,211089.6,187618080.0,9676224.0,5136.0,41.1,36530.0,1884.0,,,,,,,,,,,,,,,,,,,,,,,,,,,,,,
90638,1972482.5,1810181802.0,97391138.0,53613.0,36.791123421558204,33763.85954898998,1816.5582601234776,,,,,,,,,,,,,,,,,,,,,,,,,,,,,,
90639,131592.30000000002,96947529.0,6626823.0,5901.0,22.300000000000004,16429.0,1123.0,,,,,,,,,,,,,,,,,,,,,,,,,,,,,,
90640,3500279.9,2439369526.0,129905984.0,93576.0,37.405743994186544,26068.324420791658,1388.2404035222708,,,,,,,,,,,,,,,,,,,,,,,,,,,,1.0,4.0,
90650,3434953.0,2903039622.0,166242616.0,95968.0,35.79269131377126,30250.079422307437,1732.2713404468157,,,,,,,,,,,,,,,,,,,,,,,,,,,,,9.0,
90651,229950.0,179682930.0,10098090.0,6570.0,35.0,27349.0,1537.0,,,,,,,,,,,,,,,,,,,,,,,,,,,,,,
90660,2319066.7,1701334883.0,89707716.0,59246.0,39.143008810721405,28716.451456638424,1514.1565000168787,,,,,,,,,,,,,,,,,,,,,,,,,,,,3.0,3.0,
90662,148749.0,113726505.0,5472135.0,4155.0,35.8,27371.0,1317.0,,,,,,,,,,,,,,,,,,,,,,,,,,,,,,
90670,950251.9,797766598.0,44523509.0,26954.0,35.25457817021592,29597.336128218445,1651.8330859983676,,,,,,,,,,,,,,,,,,,,,,,,,,,,3.0,7.0,
90701,1215501.0,952270512.0,51143623.0,28453.0,42.71960777422416,33468.19358239904,1797.4773486099884,,,,,,,,,,,,,,,,,,,,,,,,,,,,,,
90702,270983.7,177714459.0,11639277.0,6201.0,43.7,28659.0,1877.0,,,,,,,,,,,,,,,,,,,,,,,,,,,,,,
90703,3599695.4,3144172405.0,165843532.0,84820.0,42.43922895543504,37068.762143362415,1955.240886583353,,,,,,,,,,,,,,,,,,,,,,,,,,,,4.0,9.0,
90704,190040.0,168026148.0,7630038.0,4406.0,43.13209260099864,38135.75760326827,1731.7380844303223,,,,,,,,,,,,,,,,,,,,,,,,,,,,,,
90706,2442876.7,2045025847.0,105952785.0,70051.0,34.87283122296613,29193.385490571156,1512.5092432656209,,,,,,,,,,,,,,,,,,,,,,,,,,,,1.0,10.0,
90707,165145.5,110468695.0,6299995.0,4705.0,35.1,23479.0,1339.0,,,,,,,,,,,,,,,,,,,,,,,,,,,,,,
90710,1232979.5,902637396.0,46107865.0,31068.0,39.68647804815244,29053.604866743917,1484.095049568688,3.0,16.0,5.0,,,8.0,1.0,,,,,1.0,1.0,,10.0,1.0,9.0,,18.0,,,,3.0,4.0,2.0,3.0,3.0,,2.0,
90711,158835.6,172926243.0,8515353.0,4011.0,39.6,43113.0,2123.0,,,,,,,,,,,,,,,,,,,,,,,,,,,,,,
90712,1237352.0,1344169911.0,65501516.0,33404.0,37.042030894503654,40239.78897736798,1960.8883965992097,,,,,,,,,,,,1.0,,,,,,,,,,,,,,,,1.0,1.0,
90713,1915182.6,2109243277.0,96195045.0,46498.0,41.18849412877974,45362.02152780765,2068.7996257903565,,,,,,,,,,,,,,,,,,,,,,,,,,,,,,
90714,209196.0,255873528.0,11028384.0,5364.0,39.0,47702.0,2056.0,,,,,,,,,,,,,,,,,,,,,,,,,,,,,,
90715,328161.0,220291595.0,15699185.0,8920.0,36.78934977578475,24696.367152466366,1759.9983183856502,,,,,,,,,,,,,,,,,,,,,,,,,,,,,,
90716,356895.1,288717656.0,16780817.0,11309.0,31.55850207799098,25529.901494385,1483.846228667433,,,,,,,,,,,,,,,,,,,,,,,,,,,,1.0,4.0,1.0
90717,2229284.8,2215313336.0,92516775.0,51909.0,42.946017068331116,42676.86405055,1782.2877535687453,,,,,,,,,,,,,,,,,,,,,,,,,,,,,2.0,
90723,2006929.7,1635336525.0,92827720.0,63775.0,31.46890944727558,25642.281850254803,1455.550294002352,,,,,,,,,,,,,,,,,,,,,,,,,,,,,4.0,
90731,-9330637392.2,-7058122753.0,-9221051052.0,70186.0,-132941.57513179266,-100563.11448152053,-131380.20477018208,15.0,96.0,20.0,,,38.0,2.0,,2.0,5.0,,3.0,17.0,1.0,94.0,10.0,84.0,1.0,70.0,,,1.0,7.0,25.0,9.0,35.0,34.0,3.0,3.0,
90732,1799451.9,1897298078.0,89015146.0,37171.0,48.410101961206315,51042.42764520729,2394.747141588873,2.0,14.0,,,,6.0,,,,,,,2.0,,10.0,2.0,3.0,,5.0,,,,,,,,1.0,1.0,1.0,1.0
90733,169417.30000000002,95014478.0,5701995.0,4693.0,36.1,20246.0,1215.0,,,,,,,,,,,,,,,,,,,,,,,,,,,1.0,,,
90734,329716.5,380845500.0,16512045.0,6555.0,50.3,58100.0,2519.0,,,,,,,,,,,,,,,,,,,,,,,,,,,,,,
90744,2113477.5,-28501775021.0,-29914457197.0,65632.0,32.20193655533886,-434266.4404711117,-455790.7300859337,24.0,76.0,16.0,1.0,,38.0,,,2.0,2.0,,,13.0,,63.0,8.0,51.0,,53.0,,,3.0,8.0,18.0,1.0,34.0,40.0,,1.0,
90745,1577333.0,1161855869.0,63918009.0,41183.0,38.30058519291941,28212.02605443994,1552.0483937547046,,,,,,1.0,,,,,,,,,1.0,,1.0,,,,,,,,,,,,,
90746,1749730.7,1462605731.0,73916537.0,41886.0,41.77364035715991,34918.72537363319,1764.7074678890322,,,,,,,,,,,,,,,,,,,,,,,,,,,,1.0,4.0,
90747,261867.19999999998,227016944.0,11161080.0,5768.0,45.4,39358.0,1935.0,,,,,,,,,,,,,,,,,,,,,,,,,,,,,,
90748,129168.90000000001,94267719.0,5256279.0,4263.0,30.3,22113.0,1233.0,,,,,,,,,,,,,,,,,,,,,,,,,,,,,,
90749,417870.39999999997,336792936.0,16637824.0,10552.0,39.60106141015921,31917.45034116755,1576.746019711903,,,,,,,,,,,,,,,,,,,,,,,,,,,,,,
90755,916486.4,1051106102.0,47494182.0,25522.0,35.9096622521746,41184.315570880026,1860.9114489460073,,,,,,,,,,,,,,,,,,,,,,,,,,,,1.0,1.0,1.0
90801,193509.9,155407242.0,6369066.0,5079.0,38.1,30598.0,1254.0,,,,,,,,,,,,,,,,,,,,,,,,,,,,,,
90802,-9331766642.6,-7622715936.0,-9268322179.0,43956.0,-212297.90341705343,-173416.96096096095,-210854.54042679042,,,1.0,,,,,,,,,,,,,,,,,,,,,,,,,2.0,2.0,1.0
90803,1820051.5,2339048980.0,78150030.0,43050.0,42.27761904761905,54333.30963995354,1815.331707317073,,,,,,,,,,,,,,,,,,,,,,,,,,,,,,
90804,2435802.0,2560055015.0,114963836.0,70090.0,34.75248965615637,36525.25345983735,1640.2316450278213,,,,,,,,,,,,,,,,,,,,,,,,,,,,1.0,8.0,
90805,3388579.0,2843190120.0,152856088.0,100839.0,33.60385366772776,28195.34227828519,1515.8429575858547,,,,,,,,,,,,,,,,,,,,,,,,,,,,1.0,7.0,1.0
90806,2058706.3,1554964425.0,89045115.0,64058.0,32.138160729339035,24274.320537637766,1390.0701707827282,,,,,,,,,,,,,,,,,,,,,,,,,,,,5.0,8.0,3.0
90807,1608146.1,1558516277.0,71945138.0,41616.0,38.64249567474049,37449.92976259131,1728.7855151864667,,,,,,,,,,,,,,,,,,,,,,,,,,,,2.0,14.0,
90808,1960942.3,2400051168.0,103590728.0,47049.0,41.678724308699444,51011.73601989415,2201.7625879402326,,,,,,,,,,,,,,,,,,,,,,,,,,,,,,
90809,91440.0,89707200.0,4204800.0,2400.0,38.1,37378.0,1752.0,,,,,,,,,,,,,,,,,,,,,,,,,,,,,,
90810,1567869.7,-28731315056.0,-29935645002.0,43163.0,36.32439126103375,-665646.851609017,-693548.7570836133,,,,,,,,,,,,,,,,,,,,,,,,,,,,,3.0,
90813,-9330341329.4,-6980634568.0,-9211782431.0,94950.0,-98265.83811901,-73519.05811479726,-97017.19253291206,,,,,,,,,,,,,,,,,,,,,,,,,,,,,9.0,
90814,861773.0,986927444.0,36296929.0,21634.0,39.834196172691136,45619.27724877508,1677.7724415272257,,,,,,,,,,,,,,,,,,,,,,,,,,,,,2.0,
90815,1934119.4,2593621461.0,104030649.0,48547.0,39.84014254227861,53424.958514429316,2142.8852246276806,,,,,,,,,,,,,,,,,,,,,,,,,,,,1.0,,
90822,232779.0,307082299.0,13794437.0,6683.0,34.83151279365554,45949.767918599435,2064.1084842136765,,,,,,,,,,,,,,,,,,,,,,,,,,,,,,
90831,210682.4,336707304.0,11552328.0,5416.0,38.9,62169.0,2133.0,,,,,,,,,,,,,,,,,,,,,,,,,,,,,,
90832,210682.4,336707304.0,11552328.0,5416.0,38.9,62169.0,2133.0,,,,,,,,,,,,,,,,,,,,,,,,,,,,,,
90833,210682.4,336707304.0,11552328.0,5416.0,38.9,62169.0,2133.0,,,,,,,,,,,,,,,,,,,,,,,,,,,,,,
90844,210682.4,336707304.0,11552328.0,5416.0,38.9,62169.0,2133.0,,,,,,,,,,,,,,,,,,,,,,,,,,,,,,
90846,304577.4,406979322.0,15665844.0,6522.0,46.7,62401.0,2402.0,,,,,,,,,,,,,,,,,,,,,,,,,,,,,,
90853,340142.0,544744491.0,15226462.0,8365.0,40.66252241482367,65121.87579199044,1820.2584578601316,,,,,,,,,,,,,,,,,,,,,,,,,,,,,,
90895,153085.19999999998,120629378.0,6026630.0,4399.0,34.8,27422.0,1370.0,,,,,,,,,,,,,,,,,,,,,,,,,,,,,,
91001,2140762.1,1688752373.0,104940457.0,50834.0,42.11280048786246,33220.92247314789,2064.3753590116853,,,,,,,,,,,,,,,,,,,,,,,,,,,,,7.0,
91003,231115.0,175364624.0,10750926.0,5438.0,42.5,32248.0,1977.0,,,,,,,,,,,,,,,,,,,,,,,,,,,,,1.0,
91006,2479745.3,2556669312.0,117049983.0,57483.0,43.13875928535393,44476.963832785346,2036.2539011533845,,,,,,,,,,,,,,,,,,,,,,,,,,,,5.0,3.0,1.0
91007,1365029.3,1406121735.0,59521280.0,32360.0,42.18261124845488,43452.46399876391,1839.3473423980222,,,,,,,,,,,,,,,,,,,,,,,,,,,,,1.0,
91008,434635.4,389976366.0,19628474.0,9055.0,47.99949199337383,43067.51695196024,2167.6945334069574,,,,,,,,,,,,,,,,,,,,,,,,,,,,,1.0,
91009,228374.0,131137996.0,7266912.0,5132.0,44.5,25553.0,1416.0,,,,,,,,,,,,,,,,,,,,,,,,,,,,,,
91010,1413143.8,1207299517.0,66132926.0,35810.0,39.46226752303826,33714.03286791399,1846.7725774923206,,,,,,,,,,,,,,,,,,,,,,,,,,,,,8.0,
91011,1568196.0,2386086449.0,105079249.0,34620.0,45.29740034662045,68922.19667822069,3035.218053148469,,,,,,,,,,,,,,,,,,,,,,,,,,,,,,
91012,183330.0,371229075.0,18904725.0,4725.0,38.8,78567.0,4001.0,,,,,,,,,,,,,,,,,,,,,,,,,,,,,,
91016,2536250.2,2300102757.0,106928947.0,59594.0,42.55881800181226,38596.21366244924,1794.2904822633152,,,,,,,,,,,,,,,,,,,,,,,,,,,,2.0,12.0,
91020,668649.9,709790421.0,33070641.0,15582.0,42.91168656141702,45551.94589911436,2122.361763573354,,,,,,,,,,,,,,,,,,,,,,,,,,,,,,
91024,938822.2,1183594181.0,48317620.0,20220.0,46.43037586547972,58535.81508407517,2389.595450049456,,,,,,,,,,,,,,,,,,,,,,,,,,,,,,
91025,306866.7,406333386.0,12470958.0,6543.0,46.9,62102.0,1906.0,,,,,,,,,,,,,,,,,,,,,,,,,,,,,,
91030,1639401.6,2164017207.0,79742212.0,38649.0,42.417697741209345,55991.54459365055,2063.2412740303757,,,,,,,,,,,,,,,,,,,,,,,,,,,,1.0,4.0,
91031,239897.90000000002,294093250.0,13520584.0,5137.0,46.7,57250.0,2632.0,,,,,,,,,,,,,,,,,,,,,,,,,,,,,,
91040,819823.6,670217639.0,-39961528116.0,18314.0,44.764857486076224,36595.91782243093,-2182020.755487605,2.0,9.0,4.0,,,16.0,,,,,,,3.0,,12.0,3.0,8.0,,12.0,,,,,1.0,3.0,3.0,4.0,,,
91042,1212906.9,857406812.0,-9950475201.0,26019.0,46.61619970021907,32953.10396248895,-382431.1157615589,1.0,22.0,2.0,,,6.0,,,,2.0,,1.0,1.0,,8.0,2.0,9.0,,14.0,,,,1.0,2.0,,3.0,2.0,,,
91066,257603.5,308836487.0,12217766.0,6691.0,38.5,46157.0,1826.0,,,,,,,,,,,,,,,,,,,,,,,,,,,,,,
91077,179404.5,200996950.0,8185045.0,4565.0,39.3,44030.0,1793.0,,,,,,,,,,,,,,,,,,,,,,,,,,,,,,
91101,1381395.4,1737627091.0,75919261.0,40587.0,34.03541528075492,42812.40522827506,1870.531475595634,,,,,,,,,,,,,,,,,,,,,,,,,,,,1.0,6.0,
91102,61131.8,76269630.0,2815328.0,1814.0,33.7,42045.0,1552.0,,,,,,,,,,,,,,,,,,,,,,,,,,,,,,
91103,1953959.9000000001,1783617107.0,102622446.0,50120.0,38.9856324820431,35586.93349960096,2047.5348363926576,,,,,,,,,,,,,,,,,,,,,,,,,,,,1.0,6.0,
91104,2535936.8,2273574381.0,116462339.0,65056.0,38.98082882439744,34947.958389695035,1790.1859782341367,,,,,,,,,,,,,,,,,,,,,,,,,,,,2.0,2.0,
91105,1734894.6,2444412761.0,95853132.0,38954.0,44.537007752734,62751.26459413667,2460.674949940956,,,,,,1.0,,,,,,,,,1.0,,,,,,,,,,,,,3.0,6.0,
91106,1850232.1,2438976758.0,97643522.0,50023.0,36.98762769126202,48757.10689083022,1951.9725326349878,,,,,,,,,,,,,,,,,,,,,,,,,,,,,2.0,
91107,1856865.8,2028940387.0,87772933.0,43825.0,42.370012549914435,46296.41499144324,2002.8050884198517,,,,,,,,,,,,,,,,,,,,,,,,,,,,7.0,10.0,1.0
91108,876982.0,1116029585.0,56716304.0,21719.0,40.3785625489203,51384.94336755836,2611.3681108706664,,,,,,,,,,,,,,,,,,,,,,,,,,,,,,
91109,163025.1,114834111.0,6761454.0,4809.0,33.9,23879.0,1406.0,,,,,,,,,,,,,,,,,,,,,,,,,,,,,,
91114,111896.40000000001,62916294.0,4850055.0,3633.0,30.8,17318.0,1335.0,,,,,,,,,,,,,,,,,,,,,,,,,,,,,,
91115,141795.0,228053625.0,8561267.0,3151.0,45.0,72375.0,2717.0,,,,,,,,,,,,,,,,,,,,,,,,,,,,,,
91116,109925.20000000001,132678392.0,6231302.0,3311.0,33.2,40072.0,1882.0,,,,,,,,,,,,,,,,,,,,,,,,,,,,,,
91117,170374.59999999998,174293576.0,6393550.0,3602.0,47.29999999999999,48388.0,1775.0,,,,,,,,,,,,,,,,,,,,,,,,,,,,,,
91118,271539.0,333986868.0,22559094.0,6102.0,44.5,54734.0,3697.0,,,,,,,,,,,,,,,,,,,,,,,,,,,,,,
91121,165760.0,168668200.0,7107700.0,3700.0,44.8,45586.0,1921.0,,,,,,,,,,,,,,,,,,,,,,,,,,,,,,
91123,141795.0,228053625.0,8561267.0,3151.0,45.0,72375.0,2717.0,,,,,,,,,,,,,,,,,,,,,,,,,,,,,,
91124,61131.8,76269630.0,2815328.0,1814.0,33.7,42045.0,1552.0,,,,,,,,,,,,,,,,,,,,,,,,,,,,,,
91125,178281.6,249497216.0,11606496.0,6064.0,29.400000000000002,41144.0,1914.0,,,,,,,,,,,,,,,,,,,,,,,,,,,,,,
91126,178281.6,249497216.0,11606496.0,6064.0,29.400000000000002,41144.0,1914.0,,,,,,,,,,,,,,,,,,,,,,,,,,,,,,
91129,141795.0,228053625.0,8561267.0,3151.0,45.0,72375.0,2717.0,,,,,,,,,,,,,,,,,,,,,,,,,,,,,,
91182,106671.8,160263589.0,7393034.0,3083.0,34.6,51983.0,2398.0,,,,,,,,,,,,,,,,,,,,,,,,,,,,,,
91184,141795.0,228053625.0,8561267.0,3151.0,45.0,72375.0,2717.0,,,,,,,,,,,,,,,,,,,,,,,,,,,,,,
91185,233633.4,221712106.0,9094820.0,5446.0,42.9,40711.0,1670.0,,,,,,,,,,,,,,,,,,,,,,,,,,,,,,
91188,61131.8,76269630.0,2815328.0,1814.0,33.7,42045.0,1552.0,,,,,,,,,,,,,,,,,,,,,,,,,,,,,,
91189,233034.99999999997,366595275.0,12454550.0,5575.0,41.8,65757.0,2234.0,,,,,,,,,,,,,,,,,,,,,,,,,,,,,,
91199,61131.8,76269630.0,2815328.0,1814.0,33.7,42045.0,1552.0,,,,,,,,,,,,,,,,,,,,,,,,,,,,,,
91201,2326236.7,-1323550301.0,-3213531260.0,52959.0,43.925238391963596,-24991.98060763987,-60679.60611038728,,,,,,,,,,,,,,,,,,,,,,,,,,,,,,
91202,1809511.2,1561915329.0,87106692.0,40220.0,44.99033316757832,38834.294604674295,2165.75564395823,,,,,,,,,,,,,,,,,,,,,,,,,,,,,,
91203,898864.2,675629967.0,39989745.0,22925.0,39.20890730643402,29471.31808069793,1744.3727371864777,,,,,,,,,,,,,,,,,,,,,,,,,,,,,3.0,
91204,1921450.6,1110409462.0,80767476.0,49697.0,38.663311668712396,22343.59140390768,1625.198221220597,,,,,,,,,,,,,,,,,,,,,,,,,,,,1.0,1.0,
91205,2459143.1,1503767925.0,98046532.0,60743.0,40.48438667830038,24756.234051660274,1614.1206723408459,,,,,,,,,,,,,,,,,,,,,,,,,,,,1.0,2.0,
91206,1928604.8,1936318326.0,99456256.0,44807.0,43.04248889682416,43214.6389180262,2219.658892583748,,,,,,,,,,,,,,,,,,,,,,,,,,,,,1.0,
91207,1129350.8,1304051810.0,63378625.0,24171.0,46.723379256133384,53951.09056307145,2622.0936245914527,,,,,,,,,,,,,,,,,,,,,,,,,,,,,,
91208,1429913.7,1843221413.0,84102027.0,30572.0,46.7720037943216,60291.1622726678,2750.9494635614287,,,,,,,,,,,,,,,,,,,,,,,,,,,,,1.0,
91209,172282.69999999998,87444165.0,6191288.0,3889.0,44.3,22485.0,1592.0,,,,,,,,,,,,,,,,,,,,,,,,,,,,,,
91210,149220.4,116054344.0,7238532.0,3836.0,38.9,30254.0,1887.0,,,,,,,,,,,,,,,,,,,,,,,,,,,,,,
91214,1619148.0,1930707810.0,93167283.0,36111.0,44.83808257871563,53465.9192489823,2580.025006230788,,2.0,,,,,,,,,,,,,,,,,1.0,,,,,,,,1.0,,,
91221,249473.7,129013542.0,9232224.0,5657.0,44.1,22806.0,1632.0,,,,,,,,,,,,,,,,,,,,,,,,,,,,,,
91222,237718.0,144837420.0,9711260.0,5330.0,44.6,27174.0,1822.0,,,,,,,,,,,,,,,,,,,,,,,,,,,,,,
91224,241180.0,328581400.0,16355600.0,6200.0,38.9,52997.0,2638.0,,,,,,,,,,,,,,,,,,,,,,,,,,,,,,
91225,198510.80000000002,68295000.0,6401518.0,4553.0,43.6,15000.0,1406.0,,,,,,,,,,,,,,,,,,,,,,,,,,,,,,
91226,170276.4,92666430.0,6924294.0,4194.0,40.6,22095.0,1651.0,,,,,,,,,,,,,,,,,,,,,,,,,,,,,,
91301,373296.8,495475510.0,22705987.0,8087.0,46.160108816619264,61268.147644367506,2807.7144800296774,,,,,,,,,,,,,,,,,,,,,,,,,,,,,,
91302,1162478.1,1608886512.0,82779506.0,25021.0,46.460097518084815,64301.44726429799,3308.4011830062746,,,,,,,,,,,,,,,,,,,,,,,,,,,,,,
91303,1389892.5,1058066053.0,61529975.0,38179.0,36.40463343722989,27713.299274470257,1611.6182980172346,7.0,47.0,15.0,,,15.0,,,1.0,6.0,,,30.0,,44.0,6.0,16.0,,24.0,,2.0,,2.0,10.0,2.0,20.0,8.0,3.0,2.0,1.0
91304,2518029.7,2129436533.0,131395705.0,61497.0,40.94556970258712,34626.67338244142,2136.6197538091287,4.0,38.0,12.0,2.0,,28.0,2.0,,,4.0,,,26.0,,35.0,8.0,17.0,,40.0,,2.0,1.0,3.0,9.0,1.0,14.0,5.0,,3.0,
91305,142251.4,103203162.0,5868442.0,4574.0,31.099999999999998,22563.0,1283.0,,,,,,,,,,,,,,,,,,,,,,,,,,,,,,
91306,1621920.6,1166695466.0,73927791.0,44063.0,36.80912783968409,26477.894514672174,1677.7747997185847,7.0,49.0,18.0,,,22.0,1.0,,1.0,3.0,,,9.0,,37.0,7.0,16.0,,23.0,,1.0,,,6.0,3.0,34.0,12.0,1.0,1.0,
91307,1630275.7,1671197907.0,99506857.0,37539.0,43.42885265990037,44518.97778310557,2650.759396893897,5.0,10.0,3.0,,,6.0,,,,2.0,,,20.0,,13.0,2.0,6.0,,12.0,,1.0,,,3.0,,,2.0,,,
91308,211581.2,242742617.0,12067618.0,4681.0,45.2,51857.0,2578.0,,,,,,,,,,,,,,,,,,,,,,,,,,,,,,
91309,114869.0,75484777.0,5608776.0,3961.0,29.0,19057.0,1416.0,,,,,,,,,,,,,,,,,,,,,,,,,,,,,,
91310,131300.4,115942464.0,6377448.0,3828.0,34.3,30288.0,1666.0,,,,,,,,,,,,,,,,,,,,,,,,,,,,,,
91311,2518590.3,2455204043.0,140074651.0,57936.0,43.47193972659486,42377.86597279757,2417.7480495719415,1.0,25.0,10.0,,,22.0,,,,5.0,,,4.0,,34.0,3.0,17.0,,16.0,,,,1.0,5.0,1.0,15.0,4.0,1.0,4.0,
91313,227775.59999999998,254696076.0,11891808.0,5652.0,40.3,45063.0,2104.0,,,,,,,,,,,,,,,,,,,,,,,,,,,,,,
91316,1774974.6,1881765197.0,99848527.0,41527.0,42.742663809088064,45314.25812122234,2404.424278180461,1.0,26.0,5.0,,,10.0,,,,2.0,,,7.0,,20.0,5.0,7.0,,13.0,,,,1.0,4.0,1.0,13.0,5.0,,,
91321,1961976.7,2127003442.0,111264122.0,50377.0,38.945882049347915,42221.71709311789,2208.6293745161483,,,,,,,,,,,,,,,,,,,,,,,,,,,,4.0,1.0,
91322,201132.4,175559852.0,11156408.0,4954.0,40.6,35438.0,2252.0,,,,,,,,,,,,,,,,,,,,,,,,,,,,,,
91324,2138147.2,1862826642.0,113959971.0,52961.0,40.37210777742113,35173.55491776968,2151.77151111195,4.0,37.0,5.0,,,13.0,,,,5.0,,2.0,42.0,,23.0,8.0,18.0,,19.0,,4.0,1.0,3.0,9.0,1.0,17.0,8.0,1.0,3.0,
91325,2467500.0,2164646710.0,128829943.0,65857.0,37.46754331354298,32868.89335985544,1956.2072824452982,7.0,29.0,7.0,1.0,,22.0,,,,2.0,,,3.0,,20.0,4.0,11.0,,21.0,,,,2.0,1.0,4.0,5.0,2.0,1.0,2.0,
91326,1555708.6,1719740891.0,95065315.0,33306.0,46.709559839068035,51634.5670750015,2854.2999759803038,1.0,12.0,4.0,,,8.0,,,,3.0,,,2.0,,9.0,7.0,5.0,,2.0,,,,,2.0,1.0,3.0,,,1.0,
91327,169677.0,134078100.0,9182520.0,3327.0,51.0,40300.0,2760.0,,,,,,,,,,,,,,,,,,,,,,,,,,,,,,
91329,201225.59999999998,238314240.0,9908388.0,4932.0,40.8,48320.0,2009.0,,,,,,,,,,,,,,,,,,,,,,,,,,,,,,
91330,62983.8,14285871.0,5267736.0,3181.0,19.8,4491.0,1656.0,,1.0,,,,,,,,,,,,,,,,,,,,,,,,,,,,
91331,4380239.8,3038383453.0,-29790123331.0,125233.0,34.97672179058235,24261.843547627224,-237877.58283359816,20.0,112.0,14.0,,,174.0,,,2.0,8.0,1.0,6.0,25.0,,141.0,41.0,40.0,,88.0,,4.0,1.0,3.0,26.0,7.0,59.0,48.0,4.0,10.0,1.0
91333,114225.6,80011800.0,5477800.0,3592.0,31.8,22275.0,1525.0,,,,,,,,,,,,,,,,,,,,,,,,,,,,,,
91335,1970613.6,1514326738.0,99185642.0,50121.0,39.31712455856827,30213.41828774366,1978.9238442968017,10.0,99.0,25.0,2.0,,84.0,,,13.0,12.0,,1.0,15.0,,77.0,24.0,70.0,1.0,61.0,,,2.0,5.0,19.0,9.0,44.0,24.0,2.0,5.0,
91340,2008772.0,1553068610.0,97667252.0,58216.0,34.50549677064725,26677.693589391234,1677.6702624707984,3.0,13.0,7.0,,,19.0,,,,1.0,,,2.0,,14.0,5.0,4.0,,9.0,,,,,6.0,1.0,6.0,7.0,1.0,6.0,
91341,231545.40000000002,147913254.0,9069396.0,6414.0,36.1,23061.0,1414.0,,,,,,,,,,,,,,,,,,,,,,,,,,,,,,
91342,4445775.7,3467570023.0,-29767470841.0,123446.0,36.013930787550834,28089.772232393112,-241137.58923739934,18.0,84.0,16.0,1.0,,56.0,,,,7.0,1.0,1.0,10.0,,67.0,17.0,39.0,,65.0,,3.0,4.0,1.0,6.0,1.0,31.0,20.0,1.0,13.0,
91343,2687055.5,-41064925167.0,-43192332214.0,74908.0,35.87140892828536,-548204.8001148074,-576605.0650664816,11.0,79.0,14.0,,,78.0,,,1.0,9.0,3.0,4.0,10.0,,60.0,23.0,45.0,1.0,37.0,,3.0,1.0,1.0,17.0,2.0,38.0,21.0,2.0,11.0,1.0
91344,2349120.5,2343540971.0,139126813.0,53153.0,44.1954452241642,44090.47412187459,2617.4780915470433,7.0,31.0,2.0,,,32.0,,,1.0,5.0,,1.0,6.0,,31.0,8.0,9.0,,22.0,,,1.0,1.0,7.0,,6.0,5.0,1.0,7.0,
91345,1323926.4000000001,981716147.0,64490345.0,35769.0,37.01323492409629,27446.004836590342,1802.967513768906,2.0,19.0,7.0,,,34.0,,,1.0,4.0,,2.0,7.0,,31.0,13.0,17.0,4.0,24.0,,,,,5.0,1.0,18.0,7.0,1.0,3.0,
91346,126261.90000000001,69226991.0,4094909.0,2647.0,47.7,26153.0,1547.0,,,,,,,,,,,,,,,,,,,,,,,,,,,,,,
91350,2742967.8,3230002811.0,164685648.0,68694.0,39.93023844877282,47020.15912597898,2397.380382566163,,,,,,,,,,,,,,,,,,,,,,,,,,,,,2.0,
91351,2192382.4,2424968162.0,127350567.0,58446.0,37.51124798959723,41490.746364165214,2178.9441022482292,,,,,,,,,,,,,,,,,,,,,,,,,,,,,,
91352,2689590.9,1927714970.0,130600314.0,71348.0,37.69679458429108,27018.48643269608,1830.4691652183662,15.0,50.0,8.0,1.0,1.0,61.0,1.0,,1.0,6.0,,1.0,7.0,,49.0,23.0,33.0,1.0,40.0,,4.0,2.0,2.0,7.0,,44.0,32.0,,4.0,
91353,81170.8,51822400.0,4010948.0,2644.0,30.700000000000003,19600.0,1517.0,,,,,,,,,,,,,,,,,,,,,,,,,,,,,,
91354,1162196.7,1532965999.0,69602350.0,30226.0,38.45023158869847,50716.80007278502,2302.731092436975,,,,,,,,,,,,,,,,,,,,,,,,,,,,,,
91355,2156805.8,2790304136.0,134795921.0,55803.0,38.650355715642526,50002.76214540437,2415.567639732631,,,,,,,,,,,,,,,,,,,,,,,,,,,,3.0,3.0,
91356,1959680.7,2158427146.0,125385161.0,45717.0,42.865470175208344,47212.79055931054,2742.6375527703044,2.0,27.0,7.0,,,8.0,,,,7.0,,1.0,8.0,,31.0,,17.0,,15.0,,,,,8.0,1.0,12.0,10.0,1.0,2.0,
91357,109223.2,100010136.0,3901184.0,2488.0,43.9,40197.0,1568.0,,,,,,,,,,,,,,,,,,,,,,,,,,,,,,
91361,185082.80000000002,211121008.0,9235520.0,3724.0,49.7,56692.0,2480.0,,,,,,,,,,,,,,,,,,,,,,,,,,,,,,
91362,324378.8,428870760.0,17444672.0,6772.0,47.9,63330.0,2576.0,,,,,,,,,,,,,,,,,,,,,,,,,,,,,,
91364,1718303.6,2251679179.0,119684367.0,38840.0,44.24056642636457,57973.20234294542,3081.471858908342,,16.0,2.0,,,12.0,,,1.0,1.0,,,10.0,,16.0,1.0,14.0,,11.0,,8.0,,,5.0,2.0,14.0,8.0,1.0,3.0,
91365,123009.6,158782800.0,7628478.0,3138.0,39.2,50600.0,2431.0,,,,,,,,,,,,,,,,,,,,,,,,,,,,,,
91367,2353652.5,2743942337.0,149286131.0,53868.0,43.69296242667261,50938.2627348333,2771.332349446796,5.0,26.0,9.0,,,5.0,,1.0,,4.0,,3.0,22.0,,25.0,5.0,7.0,,14.0,,1.0,,,1.0,3.0,10.0,9.0,1.0,1.0,
91371,167442.0,248255598.0,12816924.0,5074.0,33.0,48927.0,2526.0,,,,,,,,,,,,,,,,,,,,,,,,,,,,,,
91372,223475.19999999998,235367860.0,11703692.0,4108.0,54.4,57295.0,2849.0,,,,,,,,,,,,,,,,,,,,,,,,,,,,,,
91380,168977.9,182781256.0,9987726.0,4193.0,40.3,43592.0,2382.0,,,,,,,,,,,,,,,,,,,,,,,,,,,,,,
91381,773490.3999999999,1220102749.0,60285204.0,19740.0,39.183910840932114,61808.64989868288,3053.9617021276595,,,,,,,,,,,,,,,,,,,,,,,,,,,,,,
91383,131300.4,115942464.0,6377448.0,3828.0,34.3,30288.0,1666.0,,,,,,,,,,,,,,,,,,,,,,,,,,,,,,
91384,1378627.1,1725465980.0,-3639917969120.0,37780.0,36.49092376919005,45671.41291688724,-96345102.41185813,,,,,,,,,,,,,,,,,,,,,,,,,,,,,,
91385,239397.40000000002,226339360.0,11652242.0,5882.0,40.7,38480.0,1981.0,,,,,,,,,,,,,,,,,,,,,,,,,,,,,,
91387,1376497.0,1761745214.0,91645902.0,36936.0,37.26708360407191,47697.23884557072,2481.208089668616,,,,,,,,,,,,,,,,,,,,,,,,,,,,,,
91390,1300843.5,1536299870.0,77812132.0,33148.0,39.243498853626164,46346.68366115603,2347.4155906842043,,,,,,,,,,,,,,,,,,,,,,,,,,,,,,
91392,211715.00000000003,201234450.0,10914500.0,6575.0,32.2,30606.0,1660.0,,,,,,,,,,,,,,,,,,,,,,,,,,,,,,
91393,180327.6,161698842.0,10671930.0,5094.0,35.4,31743.0,2095.0,,,,,,,,,,,,,,,,,,,,,,,,,,,,,,
91394,239939.69999999998,246690451.0,12847121.0,5593.0,42.9,44107.0,2297.0,,,,,,,,,,,,,,,,,,,,,,,,,,,,,,
91395,108166.7,89395710.0,6634626.0,3013.0,35.9,29670.0,2202.0,,,,,,,,,,,,,,,,,,,,,,,,,,,,,,
91396,163422.59999999998,103118310.0,7707424.0,4502.0,36.3,22905.0,1712.0,,,,,,,,,,,,,,,,,,,,,,,,,,,,,,
91401,2678073.0,2343560758.0,119183689.0,72312.0,37.03497344839031,32409.01590330789,1648.1868707821661,9.0,58.0,17.0,2.0,,50.0,1.0,,5.0,6.0,,1.0,10.0,,102.0,11.0,43.0,,38.0,,16.0,3.0,4.0,17.0,9.0,6.0,20.0,2.0,7.0,
91402,3085624.3,2136507712.0,138656361.0,90141.0,34.23108574344638,23701.84169245959,1538.2163610343794,15.0,83.0,8.0,1.0,,62.0,,,2.0,5.0,,1.0,16.0,,87.0,26.0,51.0,2.0,58.0,,2.0,5.0,3.0,18.0,5.0,45.0,15.0,,2.0,
91403,1585583.3,2328278285.0,95079912.0,39223.0,40.42483491828774,59360.02562272136,2424.08566402366,,18.0,3.0,,,29.0,1.0,,2.0,3.0,,,5.0,,12.0,1.0,8.0,,11.0,,,1.0,,2.0,,,7.0,2.0,1.0,2.0
91404,257006.4,203637088.0,12871379.0,8311.0,30.923643364216097,24502.116231500422,1548.7160389844785,,,,,,,,,,,,,,,,,,,,,,,,,,,,,,
91405,2445282.0,1810942078.0,104174610.0,70779.0,34.54812868223625,25585.866966190537,1471.829356164964,7.0,80.0,16.0,2.0,,103.0,,,8.0,7.0,,4.0,17.0,,89.0,21.0,64.0,1.0,35.0,,46.0,,3.0,17.0,3.0,27.0,25.0,2.0,16.0,
91406,2112173.3,-41390884763.0,-43229943888.0,60506.0,34.90849337255809,-684079.0130400291,-714473.6701814696,4.0,85.0,12.0,,,53.0,,,5.0,8.0,,2.0,9.0,,59.0,11.0,46.0,1.0,45.0,,19.0,5.0,4.0,12.0,3.0,36.0,21.0,2.0,10.0,
91407,257006.4,203637088.0,12871379.0,8311.0,30.923643364216097,24502.116231500422,1548.7160389844785,,,,,,,,,,,,,,,,,,,,,,,,,,,,,,
91408,257006.4,203637088.0,12871379.0,8311.0,30.923643364216097,24502.116231500422,1548.7160389844785,,,,,,,,,,,,,,,,,,,,,,,,,,,,,,
91409,214227.59999999998,196018254.0,9877560.0,6414.0,33.4,30561.0,1540.0,,,,,,,,,,,,,,,,,,,,,,,,,,,,,,
91411,1134929.7,967508124.0,50586490.0,31519.0,36.00779529807418,30696.0285542054,1604.9522510231923,3.0,40.0,10.0,,,42.0,,,9.0,7.0,,2.0,13.0,,42.0,15.0,47.0,,19.0,,4.0,1.0,3.0,14.0,3.0,16.0,9.0,1.0,7.0,
91412,80075.1,50624510.0,3330855.0,2243.0,35.7,22570.0,1485.0,,,,,,,,,,,,,,,,,,,,,,,,,,,,,1.0,
91413,181629.0,246059245.0,10652685.0,4805.0,37.8,51209.0,2217.0,,,,,,,,,,,,,,,,,,,,,,,,,,,,,,
91416,253546.19999999998,270587142.0,12329658.0,5994.0,42.3,45143.0,2057.0,,,,,,,,,,,,,,,,,,,,,,,,,,,,,,
91423,1899736.5,2740494722.0,111360099.0,46746.0,40.63955204723399,58625.224019167414,2382.2380310614813,1.0,17.0,4.0,,,18.0,,,,3.0,,,20.0,,14.0,1.0,14.0,,9.0,,,1.0,,6.0,1.0,3.0,6.0,,1.0,
91426,268538.4,368651400.0,18155787.0,5889.0,45.6,62600.0,3083.0,,,,,,,,,,,,,,,,,,,,,,,,,,,,,,
91436,637496.6,980397603.0,43513563.0,14469.0,44.05947888589398,67758.49077337756,3007.364918100767,1.0,9.0,3.0,,,7.0,,1.0,1.0,,,1.0,1.0,,8.0,2.0,4.0,1.0,6.0,,,,,5.0,2.0,4.0,2.0,1.0,1.0,
91470,104791.5,79684245.0,4704120.0,3285.0,31.9,24257.0,1432.0,,,,,,,,,,,,,,,,,,,,,,,,,,,,,,
91482,104791.5,79684245.0,4704120.0,3285.0,31.9,24257.0,1432.0,,,,,,,,,,,,,,,,,,,,,,,,,,,,,,
91495,181629.0,246059245.0,10652685.0,4805.0,37.8,51209.0,2217.0,,,,,,,,,,,,,,,,,,,,,,,,,,,,,,
91496,181629.0,246059245.0,10652685.0,4805.0,37.8,51209.0,2217.0,,,,,,,,,,,,,,,,,,,,,,,,,,,,,,
91501,1213717.0,1162674198.0,62070312.0,28365.0,42.78924731182796,40989.747858276045,2188.2711792702275,,,,,,,,,,,,,,,,,,,,,,,,,,,,,,
91502,1422400.9000000001,1354381547.0,62296400.0,36341.0,39.14038964255249,37268.692303458905,1714.218100767728,,,,,,,,,,,,,,,,,,,,,,,,,,,,1.0,2.0,1.0
91504,1274751.7,1264434136.0,68162644.0,31339.0,40.67620855802674,40346.98414116596,2175.010179010179,,,,,,,,,,,,,,,1.0,,,,,,,,,,,,,,,
91505,2443986.7,2445092491.0,113028607.0,59804.0,40.866609256905896,40885.09950839409,1889.9840646110629,,3.0,,,,,,,,,,,,,,,,,,,,,,,,1.0,,,1.0,
91506,1340092.4,1414848364.0,59899258.0,32384.0,41.381311758893276,43689.73456027668,1849.6559412055335,,,,,,,,,,,,,,,,,,,,,,,,,,,,,,
91507,152242.8,181829940.0,7358988.0,3516.0,43.3,51715.0,2093.0,,,,,,,,,,,,,,,,,,,,,,,,,,,,,,
91508,236108.40000000002,237243936.0,13328700.0,6924.0,34.1,34264.0,1925.0,,,,,,,,,,,,,,,,,,,,,,,,,,,,,,
91510,152242.8,181829940.0,7358988.0,3516.0,43.3,51715.0,2093.0,,,,,,,,,,,,,,,,,,,,,,,,,,,,,,
91521,270856.39999999997,288193596.0,11955864.0,5966.0,45.39999999999999,48306.0,2004.0,,,,,,,,,,,,,,,,,,,,,,,,,,,,,,
91601,1285206.2,1228290578.0,58627712.0,34697.0,37.04084502982967,35400.483557656284,1689.7055076807794,4.0,83.0,20.0,1.0,,28.0,,,,7.0,,2.0,17.0,,88.0,8.0,16.0,,46.0,1.0,4.0,1.0,2.0,21.0,8.0,14.0,13.0,,,
91602,835814.8,932816592.0,39995513.0,21532.0,38.817332342559915,43322.33847297046,1857.4917796767602,3.0,19.0,6.0,,,12.0,,,2.0,2.0,,,2.0,,17.0,1.0,15.0,,9.0,,,,,4.0,,6.0,1.0,,,
91604,1452989.1,1999033915.0,84036920.0,33919.0,42.837026445355114,58935.52035732185,2477.5765794982162,,15.0,6.0,1.0,,12.0,,1.0,,3.0,,1.0,8.0,,34.0,1.0,7.0,,22.0,,,,,9.0,4.0,10.0,4.0,,,
91605,2993663.9,2068393991.0,131516009.0,83290.0,35.94265698163045,24833.64138552047,1579.013194861328,8.0,85.0,13.0,1.0,,76.0,,,2.0,7.0,,2.0,23.0,,99.0,18.0,40.0,,48.0,,4.0,2.0,1.0,17.0,3.0,34.0,18.0,1.0,,
91606,3111975.0,2432767747.0,130880558.0,84473.0,36.83987783078617,28799.353012205083,1549.3774105335433,5.0,66.0,12.0,,1.0,31.0,1.0,,2.0,6.0,,1.0,15.0,,72.0,7.0,22.0,,37.0,,1.0,2.0,,9.0,3.0,24.0,13.0,1.0,8.0,
91607,1185934.1,1237387356.0,54131771.0,31101.0,38.13170316067008,39786.09549532169,1740.515449663998,1.0,22.0,4.0,1.0,,7.0,,,,2.0,,1.0,9.0,,17.0,3.0,3.0,,7.0,,1.0,,,4.0,2.0,6.0,1.0,,,
91608,171398.5,255263221.0,12431100.0,3767.0,45.5,67763.0,3300.0,,1.0,,,,1.0,,,,,,,,,,,,,1.0,,,,,,,,,,,
91609,172601.0,121248556.0,7788924.0,4862.0,35.5,24938.0,1602.0,,,,,,,,,,,,,,,,,,,,,,,,,,,,,,
91611,172601.0,121248556.0,7788924.0,4862.0,35.5,24938.0,1602.0,,,,,,,,,,,,,,,,,,,,,,,,,,,,,,
91612,172601.0,121248556.0,7788924.0,4862.0,35.5,24938.0,1602.0,,,,,,,,,,,,,,,,,,,,,,,,,,,,,,
91615,163045.5,115123524.0,7517961.0,4467.0,36.5,25772.0,1683.0,,,,,,,,,,,,,,,,,,,,,,,,,,,,,,
91617,187577.5,212918750.0,9431125.0,5225.0,35.9,40750.0,1805.0,,,,,,,,,,,,,,,,,,,,,,,,,,,,,,
91702,1922190.2,1517028198.0,94304759.0,57058.0,33.688355708226716,26587.475866661993,1652.7876721932068,,,,,,,,,,,,,,,,,,,,,,,,,,,,,3.0,
91705,,,,,,,,,,,,,,,,,,,,,,,,,,,,,,,,,,,,1.0,
91706,2750157.0,1889833945.0,117398917.0,76346.0,36.02228014565269,24753.542359783092,1537.7219107746314,,,,,,,,,,,,,,,,,,,,,,,,,,,,2.0,8.0,1.0
91709,266022.39999999997,221148934.0,11228758.0,5938.0,44.8,37243.0,1891.0,,,,,,,,,,,,,,,,,,,,,,,,,,,,,1.0,
91710,111142.0,93308264.0,5830400.0,3644.0,30.5,25606.0,1600.0,,,,,,,,,,,,,,,,,,,,,,,,,,,,,,
91711,1250627.1,1143314424.0,64382122.0,31052.0,40.275251191549664,36819.348963029755,2073.364743011722,,,,,,,,,,,,,,,,,,,,,,,,,,,,,,
91722,2378335.5,1992566459.0,107295365.0,63829.0,37.26104905293832,31217.25953720096,1680.9814504378887,,,,,,,,,,,,,,,,,,,,,,,,,,,,,3.0,
91723,699900.4,544108570.0,29476871.0,18597.0,37.63512394472227,29257.86793568855,1585.0336613432273,,,,,,,,,,,,,,,,,,,,,,,,,,,,,4.0,
91724,2144304.3,1847084438.0,101460489.0,52131.0,41.13299764055936,35431.59421457482,1946.2601714910513,,,,,,,,,,,,,,,,,,,,,,,,,,,,6.0,11.0,
91730,,,,,,,,,,,,,,,,,,,,,,,,,,,,,,,,,,,,1.0,
91731,2106404.4,1336043131.0,80230827.0,57456.0,36.661173767752715,23253.326562935115,1396.3872702589808,,,,,,,,,,,,,,,,,,,,,,,,,,,,2.0,9.0,
91732,2233147.6,1384309826.0,90115416.0,64724.0,34.502620357209075,21387.89051974538,1392.3029479018603,,,,,,,,,,,,,,,,,,,,,,,,,,,,4.0,8.0,
91733,931994.7,603776099.0,34229351.0,25915.0,35.963523056145085,23298.32525564345,1320.8316033185413,,,,,,,,,,,,,,,,,,,,,,,,,,,,,2.0,
91734,182276.80000000002,124243808.0,8350248.0,6158.0,29.6,20176.0,1356.0,,,,,,,,,,,,,,,,,,,,,,,,,,,,,,
91740,1716243.0,1622954918.0,85699385.0,45806.0,37.467646159891714,35431.05527660132,1870.920512596603,,,,,,,,,,,,,,,,,,,,,,,,,,,,1.0,3.0,
91741,1320420.3,1257041158.0,63852959.0,30786.0,42.89028454492302,40831.58442149029,2074.0907880205286,,,,,,,,,,,,,,,,,,,,,,,,,,,,,,
91744,3820954.5,2921314548.0,172600218.0,105131.0,36.34469851899059,27787.375255633448,1641.763304829213,,,,,,,,,,,,,,,,,,,,,,,,,,,,1.0,3.0,
91745,2602739.7,2142031496.0,113343649.0,61942.0,42.018980659326466,34581.2452939847,1829.8351522391915,,,,,,,,,,,,,,,,,,,,,,,,,,,,,,
91746,1865717.8,1434455189.0,77985544.0,46564.0,40.06781633880251,30806.098896142943,1674.8033674082983,,,,,,,,,,,,,,,,,,,,,,,,,,,,,,
91748,1792215.9000000001,1391521925.0,75843137.0,40494.0,44.258801303896874,34363.656961525165,1872.9475230898404,,,,,,,,,,,,,,,,,,,,,,,,,,,,,2.0,
91750,1612257.4,1562154694.0,74818068.0,37125.0,43.427808754208755,42078.240915824914,2015.301494949495,,,,,,,,,,,,,,,,,,,,,,,,,,,,1.0,6.0,
91754,2434814.4,1622163075.0,82915740.0,57541.0,42.3144262352062,28191.43002380911,1440.9853843346484,,,,,,,,,,,,,,,,,,,,,,,,,,,,,4.0,
91755,1317268.7000000002,683868055.0,45927385.0,29909.0,44.0425524089739,22864.95887525494,1535.570731218028,,,,,,,,,,,,,,,,,,,,,,,,,,,,,,
91756,174276.0,104932280.0,6344800.0,4120.0,42.3,25469.0,1540.0,,,,,,,,,,,,,,,,,,,,,,,,,,,,,,
91762,,,,,,,,,,,,,,,,,,,,,,,,,,,,,,,,,,,,1.0,
91765,2356719.0,2306180968.0,118161854.0,54086.0,43.57354953222645,42639.14817143069,2184.703139444588,,,,,,,,,,,,,,,,,,,,,,,,,,,,,,
91766,2124177.1,1620781011.0,95880475.0,60970.0,34.83970969329179,26583.25423979006,1572.584467771035,,,,,,,,,,,,,,,,,,,,,,,,,,,,1.0,5.0,
91767,1562031.7,1221485807.0,72369981.0,47917.0,32.598695661247575,25491.700377736503,1510.3195316902143,,,,,,,,,,,,,,,,,,,,,,,,,,,,5.0,9.0,
91768,1694098.5,1335328400.0,-1370590819502.0,51254.0,33.05300074140555,26053.154875717017,-26741148.388457485,,,,,,,,,,,,,,,,,,,,,,,,,,,,,3.0,
91769,135729.0,109565750.0,7124630.0,4570.0,29.7,23975.0,1559.0,,,,,,,,,,,,,,,,,,,,,,,,,,,,,,
91770,2573434.4,1496604452.0,91071161.0,63891.0,40.278511840478316,23424.339140097978,1425.4145497800941,,,,,,,,,,,,,,,,,,,,,,,,,,,,2.0,5.0,
91771,156629.19999999998,106593916.0,6519045.0,4303.0,36.4,24772.0,1515.0,,,,,,,,,,,,,,,,,,,,,,,,,,,,,,
91772,156629.19999999998,106593916.0,6519045.0,4303.0,36.4,24772.0,1515.0,,,,,,,,,,,,,,,,,,,,,,,,,,,,,,
91773,2709416.6,2456839599.0,124756595.0,64468.0,42.02730967301607,38109.443429298255,1935.1708599615313,,,,,,,,,,,,,,,,,,,,,,,,,,,,,5.0,
91775,2135058.4,2064117961.0,103362782.0,48972.0,43.597533284325735,42148.9414563424,2110.6506166789186,,,,,,,,,,,,,,,,,,,,,,,,,,,,,,
91776,2403505.5,1708163962.0,91048708.0,56861.0,42.269842246882746,30041.046798332776,1601.2505583792054,,,,,,,,,,,,,,,,,,,,,,,,,,,,1.0,2.0,1.0
91778,134426.69999999998,115209875.0,6087453.0,3643.0,36.9,31625.0,1671.0,,,,,,,,,,,,,,,,,,,,,,,,,,,,,,
91780,2078817.3,1726404383.0,88088455.0,48703.0,42.68355748105866,35447.598361497236,1808.6864258875223,,,,,,,,,,,,,,,,,,,,,,,,,,,,,,
91786,390020.70000000007,316276483.0,16323745.0,10172.0,38.342577664176176,31092.851258356273,1604.7724144710971,,,,,,,,,,,,,,,,,,,,,,,,,,,,,1.0,
91788,137098.5,117281535.0,7040097.0,3561.0,38.5,32935.0,1977.0,,,,,,,,,,,,,,,,,,,,,,,,,,,,,,
91789,2294228.9,1920546678.0,108819222.0,53602.0,42.80118092608485,35829.7578075445,2030.1336144173724,,,,,,,,,,,,,,,,,,,,,,,,,,,,1.0,1.0,1.0
91790,2316089.7,1853102978.0,107884037.0,61955.0,37.38341861028166,29910.466919538376,1741.328980711807,,,,,,,,,,,,,,,,,,,,,,,,,,,,3.0,4.0,
91791,1541011.6,1356551625.0,71739692.0,39672.0,38.84380923573301,34194.182924984874,1808.320528332325,,,,,,,,,,,,,,,,,,,,,,,,,,,,1.0,2.0,
91792,1576630.7,1325749341.0,74132540.0,40603.0,38.83039923158387,32651.51198187326,1825.7897199714307,,,,,,,,,,,,,,,,,,,,,,,,,,,,,1.0,
91793,239719.69999999998,200231669.0,11842028.0,6259.0,38.3,31991.0,1892.0,,,,,,,,,,,,,,,,,,,,,,,,,,,,,,
91801,2930638.0,2148123018.0,106472379.0,70868.0,41.35347406445786,30311.60774961901,1502.4041739572162,,,,,,,,,,,,,,,,,,,,,,,,,,,,,5.0,
91802,226339.4,132521960.0,8411718.0,4826.0,46.9,27460.0,1743.0,,,,,,,,,,,,,,,,,,,,,,,,,,,,,,
91803,2158670.3,1450983957.0,75727177.0,50233.0,42.97315111580037,28885.07469193558,1507.5185037724204,,,,,,,,,,,,,,,,,,,,,,,,,,,1.0,,,
91911,,,,,,,,,,,,,,,,,,,,,,,,,,,,,,,,,,,,1.0,
92105,,,,,,,,,,,,,,,,,,,,,,,,,,,,,,,,,,,,1.0,
92301,39041.7,13889642.0,519837.0,719.0,54.3,19318.0,723.0,,,,,,,,,,,,,,,,,,,,,,,,,,,,,,
93063,205098.4,189620080.0,9538568.0,4264.0,48.1,44470.0,2237.0,,,,,,,,,,,,,,,,,,,,,,,,,,,,,,
93243,230907.5,211420447.0,9057364.0,6105.0,37.82268632268632,34630.70384930385,1483.597706797707,,,,,,,,,,,,,,,,,,,,,,,,,,,,,,
93306,,,,,,,,,,,,,,,,,,,,,,,,,,,,,,,,,,,,1.0,
93350,,,,,,,,,,,,,,,,,,,,,,,,,,,,,,,,,,,,1.0,
93434,,,,,,,,,,,,,,,,,,,,,,,,,,,,,,,,,,,,1.0,
93510,146015.4,114865448.0,6712528.0,2986.0,48.9,38468.0,2248.0,,,,,,,,,,,,,,,,,,,,,,,,,,,,,2.0,
93532,306761.5,278209503.0,11741188.0,7669.0,40.00019559264572,36277.1551701656,1530.9933498500457,,,,,,,,,,,,,,,,,,,,,,,,,,,,,,
93534,2222685.2,1847367840.0,79640631.0,64539.0,34.4394118285068,28624.05429275322,1233.9923302189375,,,,,,,,,,,,,,,,,,,,,,,,,,,,3.0,15.0,1.0
93535,1825793.9,1733761630.0,71729885.0,56629.0,32.241323350226914,30616.144201734092,1266.6634586519274,,,,,,,,,,,,,,,,,,,,,,,,,,,,3.0,7.0,
93536,1748525.5,1565398817.0,-3243938081413.0,45753.0,38.216630603457695,34214.12403558237,-70901101.16086377,,,,,,,,,,,,,,,,,,,,,,,,,,,,,1.0,
93539,194728.5,168584850.0,7848000.0,4905.0,39.7,34370.0,1600.0,,,,,,,,,,,,,,,,,,,,,,,,,,,,,,
93543,705899.3999999999,553218299.0,27822999.0,19727.0,35.78341359557966,28043.71161352461,1410.401936432301,,,,,,,,,,,,,,,,,,,,,,,,,,,,,,
93544,420012.39999999997,271060710.0,11432134.0,10102.0,41.57715303900218,26832.380716689764,1131.6703623044941,,,,,,,,,,,,,,,,,,,,,,,,,,,,,,
93550,1780812.7,1404731986.0,75142497.0,58067.0,30.668240136394164,24191.5715638831,1294.0654244235109,,,,,,,,,,,,,,,,,,,,,,,,,,,,2.0,12.0,
93551,1150585.5,1282080212.0,52641715.0,29503.0,38.998932311968275,43455.92692268583,1784.2834626987087,,,,,,,,,,,,,,,,,,,,,,,,,,,,2.0,3.0,
93552,849692.3999999999,665292734.0,39552383.0,24663.0,34.452110448850505,26975.336901431292,1603.7133763126951,,,,,,,,,,,,,,,,,,,,,,,,,,,,,1.0,
93553,458666.0,325140007.0,14209295.0,11799.0,38.87329434697856,27556.573184168148,1204.2795999660989,,,,,,,,,,,,,,,,,,,,,,,,,,,,,,
93560,64519.0,35878236.0,1867506.0,1418.0,45.5,25302.0,1317.0,,,,,,,,,,,,,,,,,,,,,,,,,,,,,,
93563,185528.19999999998,108011618.0,4811092.0,3718.0,49.9,29051.0,1294.0,,,,,,,,,,,,,,,,,,,,,,,,,,,,,,
93584,168700.7,72995657.0,3138422.0,4207.0,40.1,17351.0,746.0,,,,,,,,,,,,,,,,,,,,,,,,,,,,,,
93586,415253.5,400461599.0,16926589.0,11010.0,37.716030881017254,36372.53396911898,1537.3831970935514,,,,,,,,,,,,,,,,,,,,,,,,,,,,,,
93590,128363.3,110190912.0,4915482.0,4381.0,29.3,25152.0,1122.0,,,,,,,,,,,,,,,,,,,,,,,,,,,,,,
93591,630425.8999999999,429819266.0,18347515.0,16383.0,38.48049197338704,26235.687358847586,1119.9117988158457,,,,,,,,,,,,,,,,,,,,,,,,,,,,,,
93599,0.0,0.0,0.0,0.0,,,,,,,,,,,,,,,,,,,,,,,,,,,,,,,,,
